workbook_row_index,observed_block_code,global_year,global_county,source_column,period_year,period_label,value_raw,value_numeric
0,TD,2006.0,SE11 Stockholm region,td__2019,2019.0,2019,1265558.0,1.265558e+06
1,TD,2006.0,SE110 Stockholm,td__2019,2019.0,2019,660753.0,660753.0
2,TD,2006.0,SE12 Östra Mellansverige,td__2019,2019.0,2019,748197.0,748197.0
3,TD,2006.0,SE121 Uppsala,td__2019,2019.0,2019,56267.0,56267.0
4,TD,2006.0,SE122 Södermanland,td__2019,2019.0,2019,128161.0,128161.0
5,TD,2006.0,SE122 Södermanland,td__2019,2019.0,2019,-271871.0,-271871.0
6,TD,2006.0,SE122 Södermanland,td__2019,2019.0,2019,0.0,0.0
7,TD,2006.0,SE122 Södermanland,td__2019,2019.0,2019,604805.0,604805.0
8,TD,2006.0,SE122 Södermanland,td__2019,2019.0,2019,588556.0,588556.0
9,TD,2006.0,SE122 Södermanland,td__2019,2019.0,2019,11100.0,11100.0
10,TD,2006.0,SE122 Södermanland,td__2019,2019.0,2019,49367.0,49367.0
11,TD,2006.0,SE122 Södermanland,td__2019,2019.0,2019,-3728.0,-3728.0
12,TD,2006.0,SE122 Södermanland,td__2019,2019.0,2019,598.0,598.0
13,TD,2006.0,SE122 Södermanland,td__2019,2019.0,2019,-41088.0,-41088.0
14,TD,2006.0,SE122 Södermanland,td__2019,2019.0,2019,282152.0,282152.0
15,TD,2006.0,SE122 Södermanland,td__2019,2019.0,2019,69577.0,69577.0
16,TD,2006.0,SE122 Södermanland,td__2019,2019.0,2019,153383.0,153383.0
17,TD,2006.0,SE122 Södermanland,td__2019,2019.0,2019,5308.0,5308.0
18,TD,2006.0,SE122 Södermanland,td__2019,2019.0,2019,34382.0,34382.0
19,TD,2006.0,SE122 Södermanland,td__2019,2019.0,2019,12276.0,12276.0
20,TD,2006.0,SE122 Södermanland,td__2019,2019.0,2019,7225.0,7225.0
21,TD,2006.0,SE122 Södermanland,td__2019,2019.0,2019,0.0,0.0
22,TD,2006.0,SE122 Södermanland,td__2019,2019.0,2019,603750.0,603750.0
23,TD,2006.0,SE122 Södermanland,td__2019,2019.0,2019,461259.0,461259.0
24,TD,2006.0,SE122 Södermanland,td__2019,2019.0,2019,11892.0,11892.0
25,TD,2006.0,SE122 Södermanland,td__2019,2019.0,2019,4532.0,4532.0
26,TD,2006.0,SE122 Södermanland,td__2019,2019.0,2019,6144.0,6144.0
27,TD,2006.0,SE122 Södermanland,td__2019,2019.0,2019,4313.0,4313.0
28,TD,2006.0,SE122 Södermanland,td__2019,2019.0,2019,52206.0,52206.0
29,TD,2006.0,SE122 Södermanland,td__2019,2019.0,2019,22167.0,22167.0
30,TD,2006.0,SE122 Södermanland,td__2019,2019.0,2019,7783.0,7783.0
31,TD,2006.0,SE122 Södermanland,td__2019,2019.0,2019,20650.0,20650.0
32,TD,2006.0,SE122 Södermanland,td__2019,2019.0,2019,6864.0,6864.0
33,TD,2006.0,SE122 Södermanland,td__2019,2019.0,2019,5939.0,5939.0
34,TD,2006.0,SE122 Södermanland,td__2019,2019.0,2019,11613.0,11613.0
35,TD,2006.0,SE122 Södermanland,td__2019,2019.0,2019,-5008.0,-5008.0
36,TD,2006.0,SE122 Södermanland,td__2019,2019.0,2019,16622.0,16622.0
37,TD,2006.0,SE122 Södermanland,td__2019,2019.0,2019,2163073.0,2.163073e+06
38,TD,2006.0,SE122 Södermanland,td__2019,2019.0,2019,6864.0,6864.0
39,TD,2006.0,SE122 Södermanland,td__2019,2019.0,2019,2156209.0,2.156209e+06
0,TD,2006.0,SE11 Stockholm region,td__2020,2020.0,2020,1250498.0,1.250498e+06
1,TD,2006.0,SE110 Stockholm,td__2020,2020.0,2020,668744.0,668744.0
2,TD,2006.0,SE12 Östra Mellansverige,td__2020,2020.0,2020,766082.0,766082.0
3,TD,2006.0,SE121 Uppsala,td__2020,2020.0,2020,50347.0,50347.0
4,TD,2006.0,SE122 Södermanland,td__2020,2020.0,2020,131044.0,131044.0
5,TD,2006.0,SE122 Södermanland,td__2020,2020.0,2020,-278728.0,-278728.0
6,TD,2006.0,SE122 Södermanland,td__2020,2020.0,2020,0.0,0.0
7,TD,2006.0,SE122 Södermanland,td__2020,2020.0,2020,581753.0,581753.0
8,TD,2006.0,SE122 Södermanland,td__2020,2020.0,2020,594853.0,594853.0
9,TD,2006.0,SE122 Södermanland,td__2020,2020.0,2020,11727.0,11727.0
10,TD,2006.0,SE122 Södermanland,td__2020,2020.0,2020,50836.0,50836.0
11,TD,2006.0,SE122 Södermanland,td__2020,2020.0,2020,-34937.0,-34937.0
12,TD,2006.0,SE122 Södermanland,td__2020,2020.0,2020,602.0,602.0
13,TD,2006.0,SE122 Södermanland,td__2020,2020.0,2020,-41328.0,-41328.0
14,TD,2006.0,SE122 Södermanland,td__2020,2020.0,2020,271762.0,271762.0
15,TD,2006.0,SE122 Södermanland,td__2020,2020.0,2020,65975.0,65975.0
16,TD,2006.0,SE122 Södermanland,td__2020,2020.0,2020,149310.0,149310.0
17,TD,2006.0,SE122 Södermanland,td__2020,2020.0,2020,5644.0,5644.0
18,TD,2006.0,SE122 Södermanland,td__2020,2020.0,2020,34558.0,34558.0
19,TD,2006.0,SE122 Södermanland,td__2020,2020.0,2020,12721.0,12721.0
20,TD,2006.0,SE122 Södermanland,td__2020,2020.0,2020,3555.0,3555.0
21,TD,2006.0,SE122 Södermanland,td__2020,2020.0,2020,0.0,0.0
22,TD,2006.0,SE122 Södermanland,td__2020,2020.0,2020,608886.0,608886.0
23,TD,2006.0,SE122 Södermanland,td__2020,2020.0,2020,467879.0,467879.0
24,TD,2006.0,SE122 Södermanland,td__2020,2020.0,2020,11912.0,11912.0
25,TD,2006.0,SE122 Södermanland,td__2020,2020.0,2020,5243.0,5243.0
26,TD,2006.0,SE122 Södermanland,td__2020,2020.0,2020,6558.0,6558.0
27,TD,2006.0,SE122 Södermanland,td__2020,2020.0,2020,4477.0,4477.0
28,TD,2006.0,SE122 Södermanland,td__2020,2020.0,2020,52617.0,52617.0
29,TD,2006.0,SE122 Södermanland,td__2020,2020.0,2020,20387.0,20387.0
30,TD,2006.0,SE122 Södermanland,td__2020,2020.0,2020,5854.0,5854.0
31,TD,2006.0,SE122 Södermanland,td__2020,2020.0,2020,21581.0,21581.0
32,TD,2006.0,SE122 Södermanland,td__2020,2020.0,2020,6212.0,6212.0
33,TD,2006.0,SE122 Södermanland,td__2020,2020.0,2020,6165.0,6165.0
34,TD,2006.0,SE122 Södermanland,td__2020,2020.0,2020,6550.0,6550.0
35,TD,2006.0,SE122 Södermanland,td__2020,2020.0,2020,-10042.0,-10042.0
36,TD,2006.0,SE122 Södermanland,td__2020,2020.0,2020,16592.0,16592.0
37,TD,2006.0,SE122 Södermanland,td__2020,2020.0,2020,2137696.0,2.137696e+06
38,TD,2006.0,SE122 Södermanland,td__2020,2020.0,2020,6212.0,6212.0
39,TD,2006.0,SE122 Södermanland,td__2020,2020.0,2020,2131484.0,2.131484e+06
0,TD,2006.0,SE11 Stockholm region,td__2021,2021.0,2021,1329081.0,1.329081e+06
1,TD,2006.0,SE110 Stockholm,td__2021,2021.0,2021,694336.0,694336.0
2,TD,2006.0,SE12 Östra Mellansverige,td__2021,2021.0,2021,806447.0,806447.0
3,TD,2006.0,SE121 Uppsala,td__2021,2021.0,2021,56316.0,56316.0
4,TD,2006.0,SE122 Södermanland,td__2021,2021.0,2021,137337.0,137337.0
5,TD,2006.0,SE122 Södermanland,td__2021,2021.0,2021,-305764.0,-305764.0
6,TD,2006.0,SE122 Södermanland,td__2021,2021.0,2021,0.0,0.0
7,TD,2006.0,SE122 Södermanland,td__2021,2021.0,2021,634746.0,634746.0
8,TD,2006.0,SE122 Södermanland,td__2021,2021.0,2021,629339.0,629339.0
9,TD,2006.0,SE122 Södermanland,td__2021,2021.0,2021,11528.0,11528.0
10,TD,2006.0,SE122 Södermanland,td__2021,2021.0,2021,51865.0,51865.0
11,TD,2006.0,SE122 Södermanland,td__2021,2021.0,2021,-15352.0,-15352.0
12,TD,2006.0,SE122 Södermanland,td__2021,2021.0,2021,581.0,581.0
13,TD,2006.0,SE122 Södermanland,td__2021,2021.0,2021,-43215.0,-43215.0
14,TD,2006.0,SE122 Södermanland,td__2021,2021.0,2021,355889.0,355889.0
15,TD,2006.0,SE122 Södermanland,td__2021,2021.0,2021,104604.0,104604.0
16,TD,2006.0,SE122 Södermanland,td__2021,2021.0,2021,183582.0,183582.0
17,TD,2006.0,SE122 Södermanland,td__2021,2021.0,2021,6724.0,6724.0
18,TD,2006.0,SE122 Södermanland,td__2021,2021.0,2021,36084.0,36084.0
19,TD,2006.0,SE122 Södermanland,td__2021,2021.0,2021,15525.0,15525.0
20,TD,2006.0,SE122 Södermanland,td__2021,2021.0,2021,9369.0,9369.0
21,TD,2006.0,SE122 Södermanland,td__2021,2021.0,2021,0.0,0.0
22,TD,2006.0,SE122 Södermanland,td__2021,2021.0,2021,658563.0,658563.0
23,TD,2006.0,SE122 Södermanland,td__2021,2021.0,2021,510997.0,510997.0
24,TD,2006.0,SE122 Södermanland,td__2021,2021.0,2021,11907.0,11907.0
25,TD,2006.0,SE122 Södermanland,td__2021,2021.0,2021,5608.0,5608.0
26,TD,2006.0,SE122 Södermanland,td__2021,2021.0,2021,6636.0,6636.0
27,TD,2006.0,SE122 Södermanland,td__2021,2021.0,2021,4546.0,4546.0
28,TD,2006.0,SE122 Södermanland,td__2021,2021.0,2021,53795.0,53795.0
29,TD,2006.0,SE122 Södermanland,td__2021,2021.0,2021,21920.0,21920.0
30,TD,2006.0,SE122 Södermanland,td__2021,2021.0,2021,5688.0,5688.0
31,TD,2006.0,SE122 Södermanland,td__2021,2021.0,2021,22549.0,22549.0
32,TD,2006.0,SE122 Södermanland,td__2021,2021.0,2021,7339.0,7339.0
33,TD,2006.0,SE122 Södermanland,td__2021,2021.0,2021,7576.0,7576.0
34,TD,2006.0,SE122 Södermanland,td__2021,2021.0,2021,-6605.0,-6605.0
35,TD,2006.0,SE122 Södermanland,td__2021,2021.0,2021,-16127.0,-16127.0
36,TD,2006.0,SE122 Södermanland,td__2021,2021.0,2021,9522.0,9522.0
37,TD,2006.0,SE122 Södermanland,td__2021,2021.0,2021,2336928.0,2.336928e+06
38,TD,2006.0,SE122 Södermanland,td__2021,2021.0,2021,7339.0,7339.0
39,TD,2006.0,SE122 Södermanland,td__2021,2021.0,2021,2329589.0,2.329589e+06
0,TD,2006.0,SE11 Stockholm region,td__2022,2022.0,2022,1400554.0,1.400554e+06
1,TD,2006.0,SE110 Stockholm,td__2022,2022.0,2022,724071.0,724071.0
2,TD,2006.0,SE12 Östra Mellansverige,td__2022,2022.0,2022,852510.0,852510.0
3,TD,2006.0,SE121 Uppsala,td__2022,2022.0,2022,60693.0,60693.0
4,TD,2006.0,SE122 Södermanland,td__2022,2022.0,2022,145337.0,145337.0
5,TD,2006.0,SE122 Södermanland,td__2022,2022.0,2022,-334469.0,-334469.0
6,TD,2006.0,SE122 Södermanland,td__2022,2022.0,2022,0.0,0.0
7,TD,2006.0,SE122 Södermanland,td__2022,2022.0,2022,676483.0,676483.0
8,TD,2006.0,SE122 Södermanland,td__2022,2022.0,2022,669450.0,669450.0
9,TD,2006.0,SE122 Södermanland,td__2022,2022.0,2022,11809.0,11809.0
10,TD,2006.0,SE122 Södermanland,td__2022,2022.0,2022,58320.0,58320.0
11,TD,2006.0,SE122 Södermanland,td__2022,2022.0,2022,-17331.0,-17331.0
12,TD,2006.0,SE122 Södermanland,td__2022,2022.0,2022,632.0,632.0
13,TD,2006.0,SE122 Södermanland,td__2022,2022.0,2022,-46398.0,-46398.0
14,TD,2006.0,SE122 Södermanland,td__2022,2022.0,2022,365602.0,365602.0
15,TD,2006.0,SE122 Södermanland,td__2022,2022.0,2022,92892.0,92892.0
16,TD,2006.0,SE122 Södermanland,td__2022,2022.0,2022,192994.0,192994.0
17,TD,2006.0,SE122 Södermanland,td__2022,2022.0,2022,8294.0,8294.0
18,TD,2006.0,SE122 Södermanland,td__2022,2022.0,2022,38600.0,38600.0
19,TD,2006.0,SE122 Södermanland,td__2022,2022.0,2022,15759.0,15759.0
20,TD,2006.0,SE122 Södermanland,td__2022,2022.0,2022,12340.0,12340.0
21,TD,2006.0,SE122 Södermanland,td__2022,2022.0,2022,4723.0,4723.0
22,TD,2006.0,SE122 Södermanland,td__2022,2022.0,2022,718249.0,718249.0
23,TD,2006.0,SE122 Södermanland,td__2022,2022.0,2022,559621.0,559621.0
24,TD,2006.0,SE122 Södermanland,td__2022,2022.0,2022,13158.0,13158.0
25,TD,2006.0,SE122 Södermanland,td__2022,2022.0,2022,5513.0,5513.0
26,TD,2006.0,SE122 Södermanland,td__2022,2022.0,2022,6496.0,6496.0
27,TD,2006.0,SE122 Södermanland,td__2022,2022.0,2022,4583.0,4583.0
28,TD,2006.0,SE122 Södermanland,td__2022,2022.0,2022,44718.0,44718.0
29,TD,2006.0,SE122 Södermanland,td__2022,2022.0,2022,21229.0,21229.0
30,TD,2006.0,SE122 Södermanland,td__2022,2022.0,2022,24446.0,24446.0
31,TD,2006.0,SE122 Södermanland,td__2022,2022.0,2022,22527.0,22527.0
32,TD,2006.0,SE122 Södermanland,td__2022,2022.0,2022,9329.0,9329.0
33,TD,2006.0,SE122 Södermanland,td__2022,2022.0,2022,6630.0,6630.0
34,TD,2006.0,SE122 Södermanland,td__2022,2022.0,2022,9010.0,9010.0
35,TD,2006.0,SE122 Södermanland,td__2022,2022.0,2022,-13654.0,-13654.0
36,TD,2006.0,SE122 Södermanland,td__2022,2022.0,2022,22665.0,22665.0
37,TD,2006.0,SE122 Södermanland,td__2022,2022.0,2022,2493416.0,2.493416e+06
38,TD,2006.0,SE122 Södermanland,td__2022,2022.0,2022,9329.0,9329.0
39,TD,2006.0,SE122 Södermanland,td__2022,2022.0,2022,2484087.0,2.484087e+06
0,TD,2006.0,SE11 Stockholm region,td__2023,2023.0,2023,1473542.0,1.473542e+06
1,TD,2006.0,SE110 Stockholm,td__2023,2023.0,2023,749687.0,749687.0
2,TD,2006.0,SE12 Östra Mellansverige,td__2023,2023.0,2023,893371.0,893371.0
3,TD,2006.0,SE121 Uppsala,td__2023,2023.0,2023,55929.0,55929.0
4,TD,2006.0,SE122 Södermanland,td__2023,2023.0,2023,152846.0,152846.0
5,TD,2006.0,SE122 Södermanland,td__2023,2023.0,2023,-352458.0,-352458.0
6,TD,2006.0,SE122 Södermanland,td__2023,2023.0,2023,0.0,0.0
7,TD,2006.0,SE122 Södermanland,td__2023,2023.0,2023,723854.0,723854.0
8,TD,2006.0,SE122 Södermanland,td__2023,2023.0,2023,707625.0,707625.0
9,TD,2006.0,SE122 Södermanland,td__2023,2023.0,2023,11505.0,11505.0
10,TD,2006.0,SE122 Södermanland,td__2023,2023.0,2023,61482.0,61482.0
11,TD,2006.0,SE122 Södermanland,td__2023,2023.0,2023,-8262.0,-8262.0
12,TD,2006.0,SE122 Södermanland,td__2023,2023.0,2023,558.0,558.0
13,TD,2006.0,SE122 Södermanland,td__2023,2023.0,2023,-49054.0,-49054.0
14,TD,2006.0,SE122 Södermanland,td__2023,2023.0,2023,356757.0,356757.0
15,TD,2006.0,SE122 Södermanland,td__2023,2023.0,2023,71692.0,71692.0
16,TD,2006.0,SE122 Södermanland,td__2023,2023.0,2023,201267.0,201267.0
17,TD,2006.0,SE122 Södermanland,td__2023,2023.0,2023,18800.0,18800.0
18,TD,2006.0,SE122 Södermanland,td__2023,2023.0,2023,39771.0,39771.0
19,TD,2006.0,SE122 Södermanland,td__2023,2023.0,2023,10313.0,10313.0
20,TD,2006.0,SE122 Södermanland,td__2023,2023.0,2023,9433.0,9433.0
21,TD,2006.0,SE122 Södermanland,td__2023,2023.0,2023,5481.0,5481.0
22,TD,2006.0,SE122 Södermanland,td__2023,2023.0,2023,725823.0,725823.0
23,TD,2006.0,SE122 Södermanland,td__2023,2023.0,2023,557861.0,557861.0
24,TD,2006.0,SE122 Södermanland,td__2023,2023.0,2023,11483.0,11483.0
25,TD,2006.0,SE122 Södermanland,td__2023,2023.0,2023,5554.0,5554.0
26,TD,2006.0,SE122 Södermanland,td__2023,2023.0,2023,6857.0,6857.0
27,TD,2006.0,SE122 Södermanland,td__2023,2023.0,2023,4710.0,4710.0
28,TD,2006.0,SE122 Södermanland,td__2023,2023.0,2023,45563.0,45563.0
29,TD,2006.0,SE122 Södermanland,td__2023,2023.0,2023,22655.0,22655.0
30,TD,2006.0,SE122 Södermanland,td__2023,2023.0,2023,34394.0,34394.0
31,TD,2006.0,SE122 Södermanland,td__2023,2023.0,2023,22069.0,22069.0
32,TD,2006.0,SE122 Södermanland,td__2023,2023.0,2023,7936.0,7936.0
33,TD,2006.0,SE122 Södermanland,td__2023,2023.0,2023,6742.0,6742.0
34,TD,2006.0,SE122 Södermanland,td__2023,2023.0,2023,5986.0,5986.0
35,TD,2006.0,SE122 Södermanland,td__2023,2023.0,2023,-13044.0,-13044.0
36,TD,2006.0,SE122 Södermanland,td__2023,2023.0,2023,19030.0,19030.0
37,TD,2006.0,SE122 Södermanland,td__2023,2023.0,2023,2562107.0,2.562107e+06
38,TD,2006.0,SE122 Södermanland,td__2023,2023.0,2023,7936.0,7936.0
39,TD,2006.0,SE122 Södermanland,td__2023,2023.0,2023,2554171.0,2.554171e+06
