epoch,train_total_loss,train_task_loss,train_recon_loss,train_anchor_recon_loss,train_omega_entropy_penalty,train_omega_entropy_band_violation_share,train_z_anchor_loss,train_grad_norm,train_grad_norm_total,train_grad_norm_main,train_grad_norm_proxy_head,train_clip_applied,val_total_loss,val_task_loss,val_recon_loss,val_anchor_recon_loss,val_omega_entropy_penalty,val_omega_entropy_band_violation_share,val_z_anchor_loss,val_mse,val_mae,val_r2,val_kstar_mean,val_kstar_std,val_kstar_anchor_proxy_index,val_kstar_anchor_expected_sign,val_kstar_proxy_spearman_rho,val_kstar_proxy_spearman_p,val_kstar_proxy_spearman_adjusted_rho,val_kstar_proxy_metric_valid,val_kstar_proxy_mean_spearman_rho,val_kstar_proxy_mean_spearman_p,val_kstar_proxy_mean_spearman_adjusted_rho,val_kstar_proxy_mean_metric_valid,val_kstar_proxy_1_spearman_rho,val_kstar_proxy_1_spearman_p,val_kstar_proxy_1_spearman_adjusted_rho,val_kstar_proxy_1_metric_valid,val_kstar_proxy_income_level_spearman_rho,val_kstar_proxy_income_level_spearman_adjusted_rho,val_kstar_proxy_2_spearman_rho,val_kstar_proxy_2_spearman_p,val_kstar_proxy_2_spearman_adjusted_rho,val_kstar_proxy_2_metric_valid,val_kstar_proxy_income_recent_level_spearman_rho,val_kstar_proxy_income_recent_level_spearman_adjusted_rho,val_kstar_proxy_3_spearman_rho,val_kstar_proxy_3_spearman_p,val_kstar_proxy_3_spearman_adjusted_rho,val_kstar_proxy_3_metric_valid,val_kstar_proxy_income_growth_signal_spearman_rho,val_kstar_proxy_income_growth_signal_spearman_adjusted_rho,val_kstar_anchor_q1_mean,val_kstar_anchor_q1_count,val_kstar_anchor_q2_mean,val_kstar_anchor_q2_count,val_kstar_anchor_q3_mean,val_kstar_anchor_q3_count,val_kstar_anchor_q4_mean,val_kstar_anchor_q4_count,val_omega_entropy_mean,val_omega_entropy_std,val_omega_top1_share,val_omega_peak_share_1,val_omega_peak_share_2,val_z_std,val_z_proxy_spearman_rho,val_z_proxy_spearman_p,val_z_proxy_spearman_adjusted_rho,val_z_proxy_metric_valid,val_z_anchor_spearman_rho,val_z_anchor_spearman_p,val_z_anchor_expected_sign,val_z_anchor_adjusted_rho,val_z_anchor_metric_valid,val_lag_gate_sensitivity_slope,val_lag_gate_sensitivity_range,val_lag_gate_grid_min_kstar,val_lag_gate_grid_max_kstar,val_proxy_recon_r2,val_proxy_anchor_recon_r2,val_proxy_metric_valid,val_proxy_1_recon_r2,val_proxy_proxy_income_level_recon_r2,val_proxy_2_recon_r2,val_proxy_proxy_income_recent_level_recon_r2,val_proxy_3_recon_r2,val_proxy_proxy_income_growth_signal_recon_r2
1.0,1.1313159465789795,0.9980018138885498,1.333141565322876,1.2666420936584473,0.0,0.0,0.0,7.380180196725423,7.380180196725423,7.379880785475831,0.06647802872180031,1.0,2.8483171463012695,2.7148561477661133,1.3346104621887207,1.2715078592300415,0.0,0.0,0.0,2.714856184867474,1.5750043154472397,0.0,1.5,0.0,0.0,-1.0,,,,0.0,,,,0.0,,,,0.0,,,,,,0.0,,,,,,0.0,,,1.5,6.0,1.5,5.0,1.5,5.0,1.5,5.0,0.6931471805599453,0.0,1.0,1.0,0.0,0.05103142725589644,-0.21168831168831168,0.35695806367272104,0.21168831168831168,1.0,-0.21168831168831168,0.35695806367272104,-1.0,0.21168831168831168,1.0,-7.654353952080671e-06,1.1920928955078125e-06,1.8175685405731201,1.8175697326660156,-0.3346104329465955,-0.2715078948748868,1.0,-0.2715078948748868,-0.2715078948748868,-0.04504769172707612,-0.04504769172707612,-0.6872757122378241,-0.6872757122378241
2.0,0.8781556487083435,0.7446945905685425,1.3346104621887207,1.2715078592300415,0.0,0.0,0.0,6.216526429707579,6.216526429707579,6.216169129131903,0.06664990082784561,1.0,2.486699104309082,2.3530795574188232,1.3361965417861938,1.2753667831420898,0.0,0.0,0.0,2.3530797339664686,1.482918499126321,0.0,1.5,0.0,0.0,-1.0,,,,0.0,,,,0.0,,,,0.0,,,,,,0.0,,,,,,0.0,,,1.5,6.0,1.5,5.0,1.5,5.0,1.5,5.0,0.6931471805599453,0.0,1.0,1.0,0.0,0.05435892355391457,-0.1974025974025974,0.39105475294328795,0.1974025974025974,1.0,-0.1974025974025974,0.39105475294328795,-1.0,0.1974025974025974,1.0,-6.888162291242065e-06,1.1920928955078125e-06,1.8175685405731201,1.8175697326660156,-0.3361966304458266,-0.2753669007831856,1.0,-0.2753669007831856,-0.2753669007831856,-0.04778355566336656,-0.04778355566336656,-0.685439434890929,-0.685439434890929
3.0,0.6749425530433655,0.5413228869438171,1.3361965417861938,1.2753667831420898,0.0,0.0,0.0,5.035840251048055,5.035840251048055,5.035396862676955,0.06682416792456938,1.0,2.1634762287139893,2.029663562774658,1.338127613067627,1.2813711166381836,0.0,0.0,0.0,2.029663394520886,1.3893855586647987,0.0,1.5,0.0,0.0,-1.0,,,,0.0,,,,0.0,,,,0.0,,,,,,0.0,,,,,,0.0,,,1.5,6.0,1.5,5.0,1.5,5.0,1.5,5.0,0.6931471805599453,0.0,1.0,1.0,0.0,0.058984019217212254,-0.05844155844155843,0.8013282220179796,0.05844155844155843,1.0,-0.05844155844155843,0.8013282220179796,-1.0,0.05844155844155843,1.0,-6.343788220232121e-06,1.0728836059570312e-06,1.8175687789916992,1.8175698518753052,-0.33812750916500317,-0.28137118211300627,1.0,-0.28137118211300627,-0.28137118211300627,-0.04944143307099047,-0.04944143307099047,-0.6835699123110135,-0.6835699123110135
4.0,0.5207738280296326,0.38696104288101196,1.338127613067627,1.2813711166381836,0.0,0.0,0.0,3.946635786813457,3.946635786813457,3.9460663410047827,0.0670407797225014,1.0,1.864359974861145,1.7303411960601807,1.3401880264282227,1.2864981889724731,0.0,0.0,0.0,1.7303413229854239,1.2903405804009664,0.0,1.5,0.0,0.0,-1.0,,,,0.0,,,,0.0,,,,0.0,,,,,,0.0,,,,,,0.0,,,1.5,6.0,1.5,5.0,1.5,5.0,1.5,5.0,0.6931471805599453,0.0,1.0,1.0,0.0,0.06428116893405116,0.031168831168831172,0.893308173976082,-0.031168831168831172,1.0,0.031168831168831172,0.893308173976082,-1.0,-0.031168831168831172,1.0,-6.4865403157712865e-06,9.5367431640625e-07,1.8175690174102783,1.8175699710845947,-0.3401882845179626,-0.28649837224270414,1.0,-0.28649837224270414,-0.28649837224270414,-0.05237880872105216,-0.05237880872105216,-0.681687672590132,-0.681687672590132
5.0,0.4116170406341553,0.27759823203086853,1.3401880264282227,1.2864981889724731,0.0,0.0,0.0,3.0448751654982065,3.0448751654982065,3.044132005348986,0.06726891910601734,1.0,1.5788228511810303,1.4445679187774658,1.3425493240356445,1.2927311658859253,0.0,0.0,0.0,1.4445678914607842,1.1823039409660159,0.0,1.5,0.0,0.0,-1.0,,,,0.0,,,,0.0,,,,0.0,,,,,,0.0,,,,,,0.0,,,1.5,6.0,1.5,5.0,1.5,5.0,1.5,5.0,0.6931471805599453,0.0,1.0,1.0,0.0,0.07026503159047907,0.06363636363636363,0.7840544504932396,-0.06363636363636363,1.0,0.06363636363636363,0.7840544504932396,-1.0,-0.06363636363636363,1.0,-6.257261147274813e-06,1.1920928955078125e-06,1.8175690174102783,1.8175702095031738,-0.34254925666552954,-0.2927313612700482,1.0,-0.2927313612700482,-0.2927313612700482,-0.055134100447900014,-0.055134100447900014,-0.6797823082786418,-0.6797823082786418
6.0,0.3364144563674927,0.20215952396392822,1.3425493240356445,1.2927311658859253,0.0,0.0,0.0,2.3752624326735243,2.3752624326735243,2.374302190108161,0.06753320751852002,1.0,1.30592679977417,1.17140793800354,1.345188021659851,1.3002504110336304,0.0,0.0,0.0,1.1714079502343746,1.0649849006107874,0.0,1.5,0.0,0.0,-1.0,,,,0.0,,,,0.0,,,,0.0,,,,,,0.0,,,,,,0.0,,,1.5,6.0,1.5,5.0,1.5,5.0,1.5,5.0,0.6931471805599453,0.0,1.0,1.0,0.0,0.07649518430425177,0.07532467532467534,0.7455550758529895,-0.07532467532467534,1.0,0.07532467532467534,0.7455550758529895,-1.0,-0.07532467532467534,1.0,-6.464591016277869e-06,1.3113021850585938e-06,1.8175690174102783,1.8175703287124634,-0.3451881373803823,-0.3002505189059086,1.0,-0.3002505189059086,-0.3002505189059086,-0.05746667120601967,-0.05746667120601967,-0.6778472220292195,-0.6778472220292195
7.0,0.2866010069847107,0.15208221971988678,1.345188021659851,1.3002504110336304,0.0,0.0,0.0,1.885793252330723,1.885793252330723,1.8845727255530242,0.06783680887049388,1.0,1.0560874938964844,0.9212733507156372,1.3481415510177612,1.3090035915374756,0.0,0.0,0.0,0.9212733482006367,0.943105263369424,0.0,1.5,0.0,0.0,-1.0,,,,0.0,,,,0.0,,,,0.0,,,,,,0.0,,,,,,0.0,,,1.5,6.0,1.5,5.0,1.5,5.0,1.5,5.0,0.6931471805599453,0.0,1.0,1.0,0.0,0.08294165609633564,0.07662337662337662,0.7413113765158404,-0.07662337662337662,1.0,0.07662337662337662,0.7413113765158404,-1.0,-0.07662337662337662,1.0,-6.2542918368533705e-06,1.3113021850585938e-06,1.8175691366195679,1.817570447921753,-0.348141688499563,-0.3090035813559697,1.0,-0.3090035813559697,-0.3090035813559697,-0.05954480898125891,-0.05954480898125891,-0.6758766751614611,-0.6758766751614611
8.0,0.25107836723327637,0.11626419425010681,1.3481415510177612,1.3090035915374756,0.0,0.0,0.0,1.4705534110584217,1.4705534110584217,1.4689718151671485,0.06818460984777025,1.0,0.8435242772102356,0.7083868980407715,1.3513737916946411,1.3187520503997803,0.0,0.0,0.0,0.7083869140876823,0.8246179662999653,0.0,1.5,0.0,0.0,-1.0,,,,0.0,,,,0.0,,,,0.0,,,,,,0.0,,,,,,0.0,,,1.5,6.0,1.5,5.0,1.5,5.0,1.5,5.0,0.6931471805599453,0.0,1.0,1.0,0.0,0.08945916295461856,0.0987012987012987,0.6703614184969643,-0.0987012987012987,1.0,0.0987012987012987,0.6703614184969643,-1.0,-0.0987012987012987,1.0,-5.769372758448216e-06,1.3113021850585938e-06,1.8175692558288574,1.8175705671310425,-0.3513739579065565,-0.3187521650697851,1.0,-0.3187521650697851,-0.3187521650697851,-0.06149868760461774,-0.06149868760461774,-0.6738710210452676,-0.6738710210452676
9.0,0.2258245348930359,0.09068714827299118,1.3513737916946411,1.3187520503997803,0.0,0.0,0.0,1.0457205899571596,1.0457205899571596,1.0434697274947249,0.06857463133283555,1.0,0.6779274940490723,0.542438805103302,1.3548870086669922,1.328861117362976,0.0,0.0,0.0,0.5424388513848394,0.7179942301341465,0.0,1.5,0.0,0.0,-1.0,,,,0.0,,,,0.0,,,,0.0,,,,,,0.0,,,,,,0.0,,,1.5,6.0,1.5,5.0,1.5,5.0,1.5,5.0,0.6931471805599453,0.0,1.0,1.0,0.0,0.09611501293386346,0.11428571428571428,0.6218181517971056,-0.11428571428571428,1.0,0.11428571428571428,0.6218181517971056,-1.0,-0.11428571428571428,1.0,-5.326774833368376e-06,1.1920928955078125e-06,1.8175694942474365,1.817570686340332,-0.3548871236509148,-0.32886121704695914,1.0,-0.32886121704695914,-0.32886121704695914,-0.0639489949356431,-0.0639489949356431,-0.671851158970143,-0.671851158970143
10.0,0.21065884828567505,0.075170136988163,1.3548870086669922,1.328861117362976,0.0,0.0,0.0,0.6823702917040279,0.6823702917040279,0.6788721372410087,0.06900605971989167,1.0,0.5638135671615601,0.427941232919693,1.3587234020233154,1.340087652206421,0.0,0.0,0.0,0.4279412128668497,0.6329160772618794,0.0,1.5,0.0,0.0,-1.0,,,,0.0,,,,0.0,,,,0.0,,,,,,0.0,,,,,,0.0,,,1.5,6.0,1.5,5.0,1.5,5.0,1.5,5.0,0.6931471805599453,0.0,1.0,1.0,0.0,0.10266387355677689,0.14935064935064934,0.5181875885017935,-0.14935064935064934,1.0,0.14935064935064934,0.5181875885017935,-1.0,-0.14935064935064934,1.0,-4.892265931884419e-06,1.1920928955078125e-06,1.8175694942474365,1.817570686340332,-0.35872321545344005,-0.34008775975650263,1.0,-0.34008775975650263,-0.34008775975650263,-0.06632418823735287,-0.06632418823735287,-0.6697576983664661,-0.6697576983664661
11.0,0.20579898357391357,0.06992662698030472,1.3587234020233154,1.340087652206421,0.0,0.0,0.0,0.6322360934746102,0.6322360934746102,0.62840503363293,0.06949526312513801,1.0,0.4956414997577667,0.3593616187572479,1.362798810005188,1.3518829345703125,0.0,0.0,0.0,0.3593616228299442,0.5751140004112607,0.0,1.5,0.0,0.0,-1.0,,,,0.0,,,,0.0,,,,0.0,,,,,,0.0,,,,,,0.0,,,1.5,6.0,1.5,5.0,1.5,5.0,1.5,5.0,0.6931471805599453,0.0,1.0,1.0,0.0,0.10911159368076548,0.13376623376623376,0.5632192812726847,-0.13376623376623376,1.0,0.13376623376623376,0.5632192812726847,-1.0,-0.13376623376623376,1.0,-4.857425229522443e-06,1.430511474609375e-06,1.8175694942474365,1.8175709247589111,-0.36279890676516935,-0.35188308695061155,1.0,-0.35188308695061155,-0.35188308695061155,-0.0689257424262304,-0.0689257424262304,-0.6675878909186668,-0.6675878909186668
12.0,0.2041093111038208,0.067829430103302,1.362798810005188,1.3518829345703125,0.0,0.0,0.0,0.7963318291534441,0.7963318291534441,0.7932464924706594,0.07003130946845414,1.0,0.4638279378414154,0.32712385058403015,1.3670408725738525,1.3647642135620117,0.0,0.0,0.0,0.3271238426300943,0.5454717250097365,0.0,1.5,0.0,0.0,-1.0,,,,0.0,,,,0.0,,,,0.0,,,,,,0.0,,,,,,0.0,,,1.5,6.0,1.5,5.0,1.5,5.0,1.5,5.0,0.6931471805599453,0.0,1.0,1.0,0.0,0.11488730521132133,0.13246753246753248,0.567048530648251,-0.13246753246753248,1.0,0.13246753246753248,0.567048530648251,-1.0,-0.13246753246753248,1.0,-4.599995546847641e-06,1.430511474609375e-06,1.8175694942474365,1.8175709247589111,-0.3670408076040672,-0.36476440905812857,1.0,-0.36476440905812857,-0.36476440905812857,-0.07103259842176923,-0.07103259842176923,-0.6653254153323045,-0.6653254153323045
13.0,0.20458509027957916,0.06788100302219391,1.3670408725738525,1.3647642135620117,0.0,0.0,0.0,0.952978338484176,0.952978338484176,0.9503580444434053,0.07062082541125693,1.0,0.4574652910232544,0.3203407824039459,1.371245265007019,1.377951979637146,0.0,0.0,0.0,0.32034076526264965,0.5390219958055587,0.0,1.5,0.0,0.0,-1.0,,,,0.0,,,,0.0,,,,0.0,,,,,,0.0,,,,,,0.0,,,1.5,6.0,1.5,5.0,1.5,5.0,1.5,5.0,0.6931471805599453,0.0,1.0,1.0,0.0,0.11997554772259558,0.12467532467532469,0.590260853646067,-0.12467532467532469,1.0,0.12467532467532469,0.590260853646067,-1.0,-0.12467532467532469,1.0,-4.714814630196154e-06,1.430511474609375e-06,1.8175694942474365,1.8175709247589111,-0.37124508261929834,-0.37795192518235865,1.0,-0.37795192518235865,-0.37795192518235865,-0.07279484158954741,-0.07279484158954741,-0.6629884810859896,-0.6629884810859896
14.0,0.2028304487466812,0.06570592522621155,1.371245265007019,1.377951979637146,0.0,0.0,0.0,0.9648952134865421,0.9648952134865421,0.9622621903019576,0.07123377095534572,1.0,0.47129905223846436,0.3337678611278534,1.3753119707107544,1.3914878368377686,0.0,0.0,0.0,0.3337678809115831,0.5518009066581726,0.0,1.5,0.0,0.0,-1.0,,,,0.0,,,,0.0,,,,0.0,,,,,,0.0,,,,,,0.0,,,1.5,6.0,1.5,5.0,1.5,5.0,1.5,5.0,0.6931471805599453,0.0,1.0,1.0,0.0,0.12427589839205329,0.14805194805194805,0.5218737233561959,-0.14805194805194805,1.0,0.14805194805194805,0.5218737233561959,-1.0,-0.14805194805194805,1.0,-4.570975938385194e-06,1.430511474609375e-06,1.8175697326660156,1.8175711631774902,-0.3753121186985707,-0.3914879860797884,1.0,-0.3914879860797884,-0.3914879860797884,-0.07386706978663282,-0.07386706978663282,-0.6605813002292913,-0.6605813002292913
15.0,0.19763532280921936,0.060104116797447205,1.3753119707107544,1.3914878368377686,0.0,0.0,0.0,0.9127675262497994,0.9127675262497994,0.9099345418310655,0.07185879597423857,1.0,0.5024158954620361,0.3644982874393463,1.3791757822036743,1.4047456979751587,0.0,0.0,0.0,0.36449828312928145,0.5797960375036512,0.0,1.5,0.0,0.0,-1.0,,,,0.0,,,,0.0,,,,0.0,,,,,,0.0,,,,,,0.0,,,1.5,6.0,1.5,5.0,1.5,5.0,1.5,5.0,0.6931471805599453,0.0,1.0,1.0,0.0,0.12785665154130002,0.125974025974026,0.5863643592427876,-0.125974025974026,1.0,0.125974025974026,0.5863643592427876,-1.0,-0.125974025974026,1.0,-4.089573510460331e-06,1.430511474609375e-06,1.8175697326660156,1.8175711631774902,-0.3791757111210059,-0.40474575031354054,1.0,-0.40474575031354054,-0.40474575031354054,-0.07466653829987102,-0.07466653829987102,-0.6581148447496068,-0.6581148447496068
16.0,0.19180205464363098,0.05388448387384415,1.3791757822036743,1.4047456979751587,0.0,0.0,0.0,0.7905705726958187,0.7905705726958187,0.7872407427783616,0.07248340032288843,1.0,0.5483289957046509,0.41003626585006714,1.382927417755127,1.4175240993499756,0.0,0.0,0.0,0.4100362516491448,0.6187904533885774,0.0,1.5,0.0,0.0,-1.0,,,,0.0,,,,0.0,,,,0.0,,,,,,0.0,,,,,,0.0,,,1.5,6.0,1.5,5.0,1.5,5.0,1.5,5.0,0.6931471805599453,0.0,1.0,1.0,0.0,0.13117163925795697,0.125974025974026,0.5863643592427876,-0.125974025974026,1.0,0.125974025974026,0.5863643592427876,-1.0,-0.125974025974026,1.0,-4.246862625548946e-06,1.430511474609375e-06,1.8175697326660156,1.8175711631774902,-0.3829274942824599,-0.4175241424846956,1.0,-0.4175241424846956,-0.4175241424846956,-0.0756558396346636,-0.0756558396346636,-0.6556025007280215,-0.6556025007280215
17.0,0.18482941389083862,0.04653666168451309,1.382927417755127,1.4175240993499756,0.0,0.0,0.0,0.6429012834621419,0.6429012834621419,0.63873097186518,0.07310817914181662,1.0,0.6069233417510986,0.468264639377594,1.3865870237350464,1.4297324419021606,0.0,0.0,0.0,0.4682646133154048,0.6651033787500291,0.0,1.5,0.0,0.0,-1.0,,,,0.0,,,,0.0,,,,0.0,,,,,,0.0,,,,,,0.0,,,1.5,6.0,1.5,5.0,1.5,5.0,1.5,5.0,0.6931471805599453,0.0,1.0,1.0,0.0,0.1345439844514606,0.125974025974026,0.5863643592427876,-0.125974025974026,1.0,0.125974025974026,0.5863643592427876,-1.0,-0.125974025974026,1.0,-4.217672773783959e-06,1.430511474609375e-06,1.8175697326660156,1.8175711631774902,-0.3865870021471515,-0.4297325476018219,1.0,-0.4297325476018219,-0.4297325476018219,-0.07696722784835841,-0.07696722784835841,-0.6530612309912749,-0.6530612309912749
18.0,0.17907096445560455,0.04041226580739021,1.3865870237350464,1.4297324419021606,0.0,0.0,0.0,0.47302470536730284,0.47302470536730284,0.46724408559086233,0.07372473376135419,1.0,0.6753376722335815,0.5362985730171204,1.3903911113739014,1.4423022270202637,0.0,0.0,0.0,0.5362985711597377,0.7150632284936451,0.0,1.5,0.0,0.0,-1.0,,,,0.0,,,,0.0,,,,0.0,,,,,,0.0,,,,,,0.0,,,1.5,6.0,1.5,5.0,1.5,5.0,1.5,5.0,0.6931471805599453,0.0,1.0,1.0,0.0,0.13783340473042494,0.125974025974026,0.5863643592427876,-0.125974025974026,1.0,0.125974025974026,0.5863643592427876,-1.0,-0.125974025974026,1.0,-3.889120045390021e-06,1.430511474609375e-06,1.8175699710845947,1.8175714015960693,-0.3903912573732427,-0.44230232428283855,1.0,-0.44230232428283855,-0.44230232428283855,-0.07841088631289006,-0.07841088631289006,-0.6504605615240002,-0.6504605615240002
19.0,0.17527838051319122,0.03623926639556885,1.3903911113739014,1.4423022270202637,0.0,0.0,0.0,0.33798427731258823,0.33798427731258823,0.3296985599501288,0.07437897066593405,1.0,0.7489397525787354,0.6094969511032104,1.39442777633667,1.4548743963241577,0.0,0.0,0.0,0.6094968949065981,0.7649059054397401,0.0,1.5,0.0,0.0,-1.0,,,,0.0,,,,0.0,,,,0.0,,,,,,0.0,,,,,,0.0,,,1.5,6.0,1.5,5.0,1.5,5.0,1.5,5.0,0.6931471805599453,0.0,1.0,1.0,0.0,0.14146297702306268,0.14415584415584418,0.5330058743165694,-0.14415584415584418,1.0,0.14415584415584418,0.5330058743165694,-1.0,-0.14415584415584418,1.0,-3.7777315663544166e-06,1.430511474609375e-06,1.8175699710845947,1.8175714015960693,-0.39442781014801565,-0.4548743421260477,1.0,-0.4548743421260477,-0.4548743421260477,-0.08059156941947143,-0.08059156941947143,-0.6478175188985289,-0.6478175188985289
20.0,0.17267626523971558,0.033233486115932465,1.39442777633667,1.4548743963241577,0.0,0.0,0.0,0.27407476911587136,0.27407476911587136,0.2635932038564457,0.07507064637135115,1.0,0.8220487236976624,0.6821625232696533,1.3988618850708008,1.4682879447937012,0.0,0.0,0.0,0.6821625103856277,0.8111806568645296,0.0,1.5,0.0,0.0,-1.0,,,,0.0,,,,0.0,,,,0.0,,,,,,0.0,,,,,,0.0,,,1.5,6.0,1.5,5.0,1.5,5.0,1.5,5.0,0.6931471805599453,0.0,1.0,1.0,0.0,0.1453063423518966,0.14415584415584418,0.5330058743165694,-0.14415584415584418,1.0,0.14415584415584418,0.5330058743165694,-1.0,-0.14415584415584418,1.0,-3.873324868225265e-06,1.430511474609375e-06,1.8175699710845947,1.8175714015960693,-0.39886172763836947,-0.46828797502551356,1.0,-0.46828797502551356,-0.46828797502551356,-0.08319058678199842,-0.08319058678199842,-0.6451066211075973,-0.6451066211075973
21.0,0.1712438017129898,0.031357619911432266,1.3988618850708008,1.4682879447937012,0.0,0.0,0.0,0.27346855045546825,0.27346855045546825,0.26274336728708125,0.07583515698448115,1.0,0.8899517059326172,0.7495738863945007,1.4037784337997437,1.482567548751831,0.0,0.0,0.0,0.749573825798767,0.8517402694338844,0.0,1.5,0.0,0.0,-1.0,,,,0.0,,,,0.0,,,,0.0,,,,,,0.0,,,,,,0.0,,,1.5,6.0,1.5,5.0,1.5,5.0,1.5,5.0,0.6931471805599453,0.0,1.0,1.0,0.0,0.14953037618994197,0.14415584415584418,0.5330058743165694,-0.14415584415584418,1.0,0.14415584415584418,0.5330058743165694,-1.0,-0.14415584415584418,1.0,-3.99075636398782e-06,1.6689300537109375e-06,1.8175699710845947,1.8175716400146484,-0.4037785313685724,-0.4825675380857464,1.0,-0.4825675380857464,-0.4825675380857464,-0.0864385837442807,-0.0864385837442807,-0.6423294722756907,-0.6423294722756907
22.0,0.1704825758934021,0.030104732140898705,1.4037784337997437,1.482567548751831,0.0,0.0,0.0,0.31167159412392786,0.31167159412392786,0.3020909017149298,0.0766829165121609,1.0,0.9497190713882446,0.8087935447692871,1.4092551469802856,1.497822642326355,0.0,0.0,0.0,0.8087935871806735,0.8857460873467582,0.0,1.5,0.0,0.0,-1.0,,,,0.0,,,,0.0,,,,0.0,,,,,,0.0,,,,,,0.0,,,1.5,6.0,1.5,5.0,1.5,5.0,1.5,5.0,0.6931471805599453,0.0,1.0,1.0,0.0,0.15407501914669922,0.16363636363636364,0.4784743069143618,-0.16363636363636364,1.0,0.16363636363636364,0.4784743069143618,-1.0,-0.16363636363636364,1.0,-3.2446489033753668e-06,1.3113021850585938e-06,1.8175702095031738,1.8175715208053589,-0.40925523735415775,-0.49782263576766295,1.0,-0.49782263576766295,-0.49782263576766295,-0.09046785414926206,-0.09046785414926206,-0.6394752221455489,-0.6394752221455489
23.0,0.17014376819133759,0.029218262061476707,1.4092551469802856,1.497822642326355,0.0,0.0,0.0,0.35834168667593713,0.35834168667593713,0.34983154996922894,0.07763150813865732,1.0,1.0017977952957153,0.8602567315101624,1.4154107570648193,1.5144124031066895,0.0,0.0,0.0,0.8602567392697547,0.9141318244593484,0.0,1.5,0.0,0.0,-1.0,,,,0.0,,,,0.0,,,,0.0,,,,,,0.0,,,,,,0.0,,,1.5,6.0,1.5,5.0,1.5,5.0,1.5,5.0,0.6931471805599453,0.0,1.0,1.0,0.0,0.15886634531530036,0.18311688311688312,0.4268950962943347,-0.18311688311688312,1.0,0.18311688311688312,0.4268950962943347,-1.0,-0.18311688311688312,1.0,-3.611544015367745e-06,1.5497207641601562e-06,1.8175700902938843,1.8175716400146484,-0.4154108354594577,-0.5144124388309963,1.0,-0.5144124388309963,-0.5144124388309963,-0.09529478905828537,-0.09529478905828537,-0.636525278489092,-0.636525278489092
24.0,0.16976580023765564,0.028224723413586617,1.4154107570648193,1.5144124031066895,0.0,0.0,0.0,0.36308782165253234,0.36308782165253234,0.35445421043143926,0.07870818851813388,1.0,1.045424222946167,0.9032015800476074,1.4222266674041748,1.5324803590774536,0.0,0.0,0.0,0.9032015796331594,0.9369905562627883,0.0,1.5,0.0,0.0,-1.0,,,,0.0,,,,0.0,,,,0.0,,,,,,0.0,,,,,,0.0,,,1.5,6.0,1.5,5.0,1.5,5.0,1.5,5.0,0.6931471805599453,0.0,1.0,1.0,0.0,0.16377100900173341,0.1987012987012987,0.3878822634645567,-0.1987012987012987,1.0,0.1987012987012987,0.3878822634645567,-1.0,-0.1987012987012987,1.0,-3.5893057750659296e-06,1.5497207641601562e-06,1.8175703287124634,1.8175718784332275,-0.42222658859367174,-0.5324803501341309,1.0,-0.5324803501341309,-0.5324803501341309,-0.10072882547299922,-0.10072882547299922,-0.6334705901738857,-0.6334705901738857
25.0,0.16865889728069305,0.026436228305101395,1.4222266674041748,1.5324803590774536,0.0,0.0,0.0,0.3645565710380297,0.3645565710380297,0.3556887058837375,0.07991894640045022,1.0,1.081164002418518,0.9381933808326721,1.4297058582305908,1.5523080825805664,0.0,0.0,0.0,0.9381933796963341,0.9549925525983175,0.0,1.5,0.0,0.0,-1.0,,,,0.0,,,,0.0,,,,0.0,,,,,,0.0,,,,,,0.0,,,1.5,6.0,1.5,5.0,1.5,5.0,1.5,5.0,0.6931471805599453,0.0,1.0,1.0,0.0,0.16868805144523455,0.1987012987012987,0.3878822634645567,-0.1987012987012987,1.0,0.1987012987012987,0.3878822634645567,-1.0,-0.1987012987012987,1.0,-3.1341906050006396e-06,1.430511474609375e-06,1.817570447921753,1.8175718784332275,-0.4297060684952547,-0.5523081253290729,1.0,-0.5523081253290729,-0.5523081253290729,-0.1065102800260096,-0.1065102800260096,-0.6302998001306825,-0.6302998001306825
26.0,0.16882415115833282,0.025853559374809265,1.4297058582305908,1.5523080825805664,0.0,0.0,0.0,0.3409578691807787,0.3409578691807787,0.33112969632904304,0.08127356744558928,1.0,1.1091704368591309,0.9653854370117188,1.437849521636963,1.5739989280700684,0.0,0.0,0.0,0.9653854239797331,0.96849296774183,0.0,1.5,0.0,0.0,-1.0,,,,0.0,,,,0.0,,,,0.0,,,,,,0.0,,,,,,0.0,,,1.5,6.0,1.5,5.0,1.5,5.0,1.5,5.0,0.6931471805599453,0.0,1.0,1.0,0.0,0.1738296485188157,0.1987012987012987,0.3878822634645567,-0.1987012987012987,1.0,0.1987012987012987,0.3878822634645567,-1.0,-0.1987012987012987,1.0,-2.9753858593299426e-06,1.430511474609375e-06,1.817570447921753,1.8175718784332275,-0.4378495553599469,-0.5739989439919464,1.0,-0.5739989439919464,-0.5739989439919464,-0.11252576906242462,-0.11252576906242462,-0.6270239530254709,-0.6270239530254709
27.0,0.16659477353096008,0.022809825837612152,1.437849521636963,1.5739989280700684,0.0,0.0,0.0,0.2884948763982817,0.2884948763982817,0.27636676948757233,0.08276897021869306,1.0,1.1313694715499878,0.9867153167724609,1.4465419054031372,1.5975397825241089,0.0,0.0,0.0,0.9867152840542133,0.978660048473449,0.0,1.5,0.0,0.0,-1.0,,,,0.0,,,,0.0,,,,0.0,,,,,,0.0,,,,,,0.0,,,1.5,6.0,1.5,5.0,1.5,5.0,1.5,5.0,0.6931471805599453,0.0,1.0,1.0,0.0,0.17910877369609926,0.187012987012987,0.4169505000140746,-0.187012987012987,1.0,0.187012987012987,0.4169505000140746,-1.0,-0.187012987012987,1.0,-3.1562563218683964e-06,1.430511474609375e-06,1.817570447921753,1.8175718784332275,-0.4465421108908714,-0.5975399042596585,1.0,-0.5975399042596585,-0.5975399042596585,-0.11844019644914683,-0.11844019644914683,-0.6236462319638099,-0.6236462319638099
28.0,0.16576214134693146,0.021107938140630722,1.4465419054031372,1.5975397825241089,0.0,0.0,0.0,0.23064978562128763,0.23064978562128763,0.21465607576361867,0.08439249223070465,1.0,1.1452701091766357,0.9997481107711792,1.4552198648452759,1.6212445497512817,0.0,0.0,0.0,0.9997481025406325,0.9844858873458135,0.0,1.5,0.0,0.0,-1.0,,,,0.0,,,,0.0,,,,0.0,,,,,,0.0,,,,,,0.0,,,1.5,6.0,1.5,5.0,1.5,5.0,1.5,5.0,0.6931471805599453,0.0,1.0,1.0,0.0,0.18435839899404852,0.16753246753246753,0.4679157387083451,-0.16753246753246753,1.0,0.16753246753246753,0.4679157387083451,-1.0,-0.16753246753246753,1.0,-2.8702548264942375e-06,1.430511474609375e-06,1.817570686340332,1.8175721168518066,-0.45521986397429376,-0.6212444439902722,1.0,-0.6212444439902722,-0.6212444439902722,-0.12418998393709635,-0.12418998393709635,-0.6202251639955143,-0.6202251639955143
