epoch,train_total_loss,train_task_loss,train_recon_loss,train_anchor_recon_loss,train_omega_entropy_penalty,train_omega_entropy_band_violation_share,train_z_anchor_loss,train_grad_norm,train_grad_norm_total,train_grad_norm_main,train_grad_norm_proxy_head,train_clip_applied,val_total_loss,val_task_loss,val_recon_loss,val_anchor_recon_loss,val_omega_entropy_penalty,val_omega_entropy_band_violation_share,val_z_anchor_loss,val_mse,val_mae,val_r2,val_kstar_mean,val_kstar_std,val_kstar_anchor_proxy_index,val_kstar_anchor_expected_sign,val_kstar_proxy_spearman_rho,val_kstar_proxy_spearman_p,val_kstar_proxy_spearman_adjusted_rho,val_kstar_proxy_metric_valid,val_kstar_proxy_mean_spearman_rho,val_kstar_proxy_mean_spearman_p,val_kstar_proxy_mean_spearman_adjusted_rho,val_kstar_proxy_mean_metric_valid,val_kstar_proxy_1_spearman_rho,val_kstar_proxy_1_spearman_p,val_kstar_proxy_1_spearman_adjusted_rho,val_kstar_proxy_1_metric_valid,val_kstar_proxy_government_effectiveness_spearman_rho,val_kstar_proxy_government_effectiveness_spearman_adjusted_rho,val_kstar_proxy_2_spearman_rho,val_kstar_proxy_2_spearman_p,val_kstar_proxy_2_spearman_adjusted_rho,val_kstar_proxy_2_metric_valid,val_kstar_proxy_regulatory_quality_spearman_rho,val_kstar_proxy_regulatory_quality_spearman_adjusted_rho,val_kstar_proxy_3_spearman_rho,val_kstar_proxy_3_spearman_p,val_kstar_proxy_3_spearman_adjusted_rho,val_kstar_proxy_3_metric_valid,val_kstar_proxy_rule_of_law_spearman_rho,val_kstar_proxy_rule_of_law_spearman_adjusted_rho,val_kstar_anchor_q1_mean,val_kstar_anchor_q1_count,val_kstar_anchor_q2_mean,val_kstar_anchor_q2_count,val_kstar_anchor_q3_mean,val_kstar_anchor_q3_count,val_kstar_anchor_q4_mean,val_kstar_anchor_q4_count,val_omega_entropy_mean,val_omega_entropy_std,val_omega_top1_share,val_omega_peak_share_1,val_omega_peak_share_2,val_omega_peak_share_3,val_omega_peak_share_4,val_omega_peak_share_5,val_omega_peak_share_6,val_omega_peak_share_7,val_omega_peak_share_8,val_omega_peak_share_9,val_omega_peak_share_10,val_z_std,val_z_proxy_spearman_rho,val_z_proxy_spearman_p,val_z_proxy_spearman_adjusted_rho,val_z_proxy_metric_valid,val_z_anchor_spearman_rho,val_z_anchor_spearman_p,val_z_anchor_expected_sign,val_z_anchor_adjusted_rho,val_z_anchor_metric_valid,val_lag_gate_sensitivity_slope,val_lag_gate_sensitivity_range,val_lag_gate_grid_min_kstar,val_lag_gate_grid_max_kstar,val_proxy_recon_r2,val_proxy_anchor_recon_r2,val_proxy_metric_valid,val_proxy_1_recon_r2,val_proxy_proxy_government_effectiveness_recon_r2,val_proxy_2_recon_r2,val_proxy_proxy_regulatory_quality_recon_r2,val_proxy_3_recon_r2,val_proxy_proxy_rule_of_law_recon_r2
1.0,1.6157747507095337,1.4674503803253174,1.4832435846328735,2.0054636001586914,0.0,0.0,0.0,3.8155523242366987,3.8155523242366987,3.8146535599323808,0.0828115733656059,1.0,17.377084732055664,17.228668212890625,1.4841649532318115,2.0168871879577637,0.0,0.0,0.0,17.228666495771318,2.516192399771311,-0.0341027153274869,5.649523735046387,0.11539724046712786,0.0,-1.0,-0.752424790399474,1.9890269580706825e-15,0.752424790399474,1.0,-0.7830776818118589,2.4371670780117516e-17,0.7830776818118589,1.0,-0.752424790399474,1.9890269580706825e-15,0.752424790399474,1.0,-0.752424790399474,0.752424790399474,-0.7793345894611717,4.3305454241049157e-17,0.7793345894611717,1.0,-0.7793345894611717,0.7793345894611717,-0.7761479027301812,7.003081008128997e-17,0.7761479027301812,1.0,-0.7761479027301812,0.7761479027301812,5.775560212135315,20.0,5.71827863392077,19.0,5.561365905560945,19.0,5.541919708251953,20.0,2.099859077361485,0.007639229978245986,0.782051282051282,0.0,0.0,0.0,0.0,0.0,0.0,0.782051282051282,0.0,0.21794871794871795,0.0,0.04100925419607416,0.752424790399474,1.9890269580706825e-15,-0.752424790399474,1.0,0.752424790399474,1.9890269580706825e-15,-1.0,-0.752424790399474,1.0,-2.8167942777758177,0.2845616340637207,5.515501976013184,5.800063610076904,-0.48416483773488944,-1.0168871769287389,1.0,-1.0168871769287389,-1.0168871769287389,-0.05846819819600335,-0.05846819819600335,-0.37713913807992805,-0.37713913807992805
2.0,1.437312126159668,1.288895606994629,1.4841649532318115,2.0168871879577637,0.0,0.0,0.0,2.3857287330137376,2.3857287330137376,2.3842876249268348,0.08291024754568423,1.0,17.215866088867188,17.067338943481445,1.4852734804153442,2.027371644973755,0.0,0.0,0.0,17.06734003041891,2.4760649143220683,-0.015139293641087034,5.726114273071289,0.10212641958909083,0.0,-1.0,-0.7412966780055388,8.41978108827857e-15,0.7412966780055388,1.0,-0.7715196196208854,1.388206357068575e-16,0.7715196196208854,1.0,-0.7412966780055388,8.41978108827857e-15,0.7412966780055388,1.0,-0.7412966780055388,0.7412966780055388,-0.7678524007637931,2.3605839939604575e-16,0.7678524007637931,1.0,-0.7678524007637931,0.7678524007637931,-0.7665119690436145,2.859202078937945e-16,0.7665119690436145,1.0,-0.7665119690436145,0.7665119690436145,5.837003612518311,20.0,5.78316058610615,19.0,5.650470482675653,19.0,5.632891607284546,20.0,2.1017931852590217,0.006158353434226123,0.6025641025641025,0.0,0.0,0.0,0.0,0.0,0.0,0.6025641025641025,0.0,0.3974358974358974,0.0,0.03664223681446401,0.7412966780055388,8.41978108827857e-15,-0.7412966780055388,1.0,0.7412966780055388,8.41978108827857e-15,-1.0,-0.7412966780055388,1.0,-2.790787215962174,0.2563133239746094,5.60396671295166,5.8602800369262695,-0.4852733867965166,-1.0273715802096528,1.0,-1.0273715802096528,-1.0273715802096528,-0.05663206707470314,-0.05663206707470314,-0.3718165131051956,-0.3718165131051956
3.0,1.3323359489440918,1.1838085651397705,1.4852734804153442,2.027371644973755,0.0,0.0,0.0,2.4738485115289532,2.4738485115289532,2.47245534240889,0.08301227492218005,1.0,17.01527214050293,16.86659812927246,1.4867390394210815,2.0372233390808105,0.0,0.0,0.0,16.86659728040983,2.435521375883418,0.0025368519180481073,5.8025078773498535,0.08804416376873382,0.0,-1.0,-0.7105173307704952,3.1895403012870485e-13,0.7105173307704952,1.0,-0.7404114872469304,9.414054886280238e-15,0.7404114872469304,1.0,-0.7105173307704952,3.1895403012870485e-13,0.7105173307704952,1.0,-0.7105173307704952,0.7105173307704952,-0.7351509250243426,1.8107986403359687e-14,0.7351509250243426,1.0,-0.7351509250243426,0.7351509250243426,-0.7402850314242719,9.565019472066304e-15,0.7402850314242719,1.0,-0.7402850314242719,0.7402850314242719,5.896705937385559,20.0,5.846957859240081,19.0,5.739864048204924,19.0,5.725595378875733,20.0,2.1033102221600646,0.004783684809002404,0.5641025641025641,0.0,0.0,0.0,0.0,0.0,0.0,0.5641025641025641,0.0,0.4358974358974359,0.0,0.03197097140214214,0.7105173307704952,3.1895403012870485e-13,-0.7105173307704952,1.0,0.7105173307704952,3.1895403012870485e-13,-1.0,-0.7105173307704952,1.0,-2.7586420288401867,0.22976398468017578,5.690277576446533,5.920041561126709,-0.4867389978072567,-1.037223332900922,1.0,-1.037223332900922,-1.037223332900922,-0.055996259605052945,-0.055996259605052945,-0.3669974009157966,-0.3669974009157966
4.0,1.2355533838272095,1.0868794918060303,1.4867390394210815,2.0372233390808105,0.0,0.0,0.0,1.7336665476612299,1.7336665476612299,1.7316728226711724,0.08311999579921568,1.0,17.040374755859375,16.89153289794922,1.4884155988693237,2.0470361709594727,0.0,0.0,0.0,16.891532146004035,2.4260813840366424,0.002983926409863169,5.877722263336182,0.07459229881685066,0.0,-1.0,-0.6791057044221601,8.252864695600231e-12,0.6791057044221601,1.0,-0.7082664171271765,4.0844649655855514e-13,0.7082664171271765,1.0,-0.6791057044221601,8.252864695600231e-12,0.6791057044221601,1.0,-0.6791057044221601,0.6791057044221601,-0.6995662565282817,1.0397836340003472e-12,0.6995662565282817,1.0,-0.6995662565282817,0.6995662565282817,-0.7123382946167757,2.606690183155961e-13,0.7123382946167757,1.0,-0.7123382946167757,0.7123382946167757,5.955312347412109,20.0,5.909575763501619,19.0,5.827731057217247,19.0,5.817363619804382,20.0,2.104492784811692,0.003611342200663297,0.6923076923076923,0.0,0.0,0.0,0.0,0.0,0.0,0.3076923076923077,0.0,0.6923076923076923,0.0,0.027486539779240118,0.6791057044221601,8.252864695600231e-12,-0.6791057044221601,1.0,0.6791057044221601,8.252864695600231e-12,-1.0,-0.6791057044221601,1.0,-2.7199430416363555,0.2041482925415039,5.773655891418457,5.977804183959961,-0.4884154932217764,-1.0470360445568594,1.0,-1.0470360445568594,-1.0470360445568594,-0.05585715051076101,-0.05585715051076101,-0.36235328459771043,-0.36235328459771043
5.0,1.156080722808838,1.0072392225265503,1.4884155988693237,2.0470361709594727,0.0,0.0,0.0,1.3515411054417652,1.3515411054417652,1.3489751637613956,0.08324282103379492,1.0,17.174955368041992,17.02592658996582,1.4902926683425903,2.0568389892578125,0.0,0.0,0.0,17.025923502953965,2.435217660658746,-0.004839023188114207,5.951545238494873,0.06233265554976366,0.0,-1.0,-0.6710378229365571,1.785775217255208e-11,0.6710378229365571,1.0,-0.6990604332376483,1.0967088474082483e-12,0.6990604332376483,1.0,-0.6710378229365571,1.785775217255208e-11,0.6710378229365571,1.0,-0.6710378229365571,0.6710378229365571,-0.6881852324890299,3.3608493311709295e-12,0.6881852324890299,1.0,-0.6881852324890299,0.6881852324890299,-0.7062178328001112,5.105187636783282e-13,0.7062178328001112,1.0,-0.7062178328001112,0.7062178328001112,6.012842893600464,20.0,5.97101028341996,19.0,5.913759909178081,19.0,5.907651495933533,20.0,2.105308372496877,0.0026569112230938933,1.0,0.0,0.0,0.0,0.0,0.0,0.0,0.0,0.0,1.0,0.0,0.023349103607570185,0.6710378229365571,1.785775217255208e-11,-0.6710378229365571,1.0,0.6710378229365571,1.785775217255208e-11,-1.0,-0.6710378229365571,1.0,-2.675907632910057,0.18056106567382812,5.854283332824707,6.034844398498535,-0.49029254024215224,-1.0568388389005987,1.0,-1.0568388389005987,-1.0568388389005987,-0.05617094964345126,-0.05617094964345126,-0.3578678321824087,-0.3578678321824087
6.0,1.098878026008606,0.9498487710952759,1.4902926683425903,2.0568389892578125,0.0,0.0,0.0,1.5462628022254072,1.5462628022254072,1.5440130169291628,0.08338139540253464,1.0,17.06610870361328,16.916873931884766,1.4923475980758667,2.0667262077331543,0.0,0.0,0.0,16.916873102478995,2.4146867776906484,0.004118318536918038,6.024332523345947,0.052065800534944126,0.0,-1.0,-0.6365153833508262,3.766151037858729e-10,0.6365153833508262,1.0,-0.6636275117287775,3.5536534020687306e-11,0.6636275117287775,1.0,-0.6365153833508262,3.766151037858729e-10,0.6365153833508262,1.0,-0.6365153833508262,0.6365153833508262,-0.6514624615890438,1.0554876598584837e-10,0.6514624615890438,1.0,-0.6514624615890438,0.6514624615890438,-0.6740221803512942,1.3460086597855865e-11,0.6740221803512942,1.0,-0.6740221803512942,0.6740221803512942,6.069970226287841,20.0,6.03167744686729,19.0,5.998102288497122,19.0,5.996634793281555,20.0,2.1057318290541795,0.00192133765365283,1.0,0.0,0.0,0.0,0.0,0.0,0.0,0.0,0.0,1.0,0.0,0.019838220707123343,0.6365153833508262,3.766151037858729e-10,-0.6365153833508262,1.0,0.6365153833508262,3.766151037858729e-10,-1.0,-0.6365153833508262,1.0,-2.6299022946760555,0.16091156005859375,5.930179595947266,6.091091156005859,-0.4923475654018587,-1.0667263539203842,1.0,-1.0667263539203842,-1.0667263539203842,-0.05684696877001327,-0.05684696877001327,-0.35346937351517926,-0.35346937351517926
7.0,1.0468223094940186,0.8975875973701477,1.4923475980758667,2.0667262077331543,0.0,0.0,0.0,1.3944798291077136,1.3944798291077136,1.3919754127732975,0.0835370817235463,1.0,16.80316162109375,16.653703689575195,1.4945710897445679,2.0766959190368652,0.0,0.0,0.0,16.653701758433552,2.3742608440319537,0.024250281858685663,6.095900535583496,0.04474899137177807,0.0,-1.0,-0.4988302836404101,3.3474074403134617e-06,0.4988302836404101,1.0,-0.5288003136104402,6.46532396847954e-07,0.5288003136104402,1.0,-0.4988302836404101,3.3474074403134617e-06,0.4988302836404101,1.0,-0.4988302836404101,0.4988302836404101,-0.5153707052441229,1.3772707105600688e-06,0.5153707052441229,1.0,-0.5153707052441229,0.5153707052441229,-0.5396502231945269,3.425485474087106e-07,0.5396502231945269,1.0,-0.5396502231945269,0.5396502231945269,6.126635241508484,20.0,6.091486127753007,19.0,6.080535035384329,19.0,6.083956003189087,20.0,2.1057238672034138,0.0013936870534287471,1.0,0.0,0.0,0.0,0.0,0.0,0.0,0.0,0.0,1.0,0.0,0.01734967993649401,0.4988302836404101,3.3474074403134617e-06,-0.4988302836404101,1.0,0.4988302836404101,3.3474074403134617e-06,-1.0,-0.4988302836404101,1.0,-2.5840613151726295,0.14713430404663086,5.999436378479004,6.146570682525635,-0.49457094732050755,-1.076695964032727,1.0,-1.076695964032727,-1.076695964032727,-0.05786305934662672,-0.05786305934662672,-0.34915381858216965,-0.34915381858216965
8.0,0.9971920847892761,0.8477349877357483,1.4945710897445679,2.0766959190368652,0.0,0.0,0.0,1.191321459249411,1.191321459249411,1.188376797020122,0.0837102596599833,1.0,16.584421157836914,16.434724807739258,1.4969666004180908,2.0867319107055664,0.0,0.0,0.0,16.434724905821824,2.342411478095823,0.04120925482170253,6.16566801071167,0.04133187633837549,0.0,-1.0,-0.1588664500056905,0.16475422675740486,0.1588664500056905,1.0,-0.1924531165037494,0.09139622319533348,0.1924531165037494,1.0,-0.1588664500056905,0.16475422675740486,0.1588664500056905,1.0,-0.1588664500056905,0.1588664500056905,-0.17836593785960872,0.11819150803511054,0.17836593785960872,1.0,-0.17836593785960872,0.17836593785960872,-0.20770368871634692,0.06804209060153486,0.20770368871634692,1.0,-0.20770368871634692,0.20770368871634692,6.1822716236114506,20.0,6.149908241472747,19.0,6.160488254145572,19.0,6.168956160545349,20.0,2.1052851120988825,0.0010252123577840033,1.0,0.0,0.0,0.0,0.0,0.0,0.0,0.0,0.0,1.0,0.0,0.016342697820014816,0.1588664500056905,0.16475422675740486,-0.1588664500056905,1.0,0.1588664500056905,0.16475422675740486,-1.0,-0.1588664500056905,1.0,-2.5286579425009976,0.1429595947265625,6.068198204040527,6.21115779876709,-0.4969664377858695,-1.086732020144591,1.0,-1.086732020144591,-1.086732020144591,-0.05923654582214177,-0.05923654582214177,-0.3449307473908758,-0.3449307473908758
9.0,0.9510501027107239,0.8013534545898438,1.4969666004180908,2.0867319107055664,0.0,0.0,0.0,0.8732970917616504,0.8732970917616504,0.8692573929970604,0.08390110368350645,1.0,16.397972106933594,16.248014450073242,1.499584436416626,2.096479892730713,0.0,0.0,0.0,16.248015758159298,2.316795762268126,0.05446098895120849,6.232236385345459,0.04222991493166313,0.0,-1.0,0.3009522123446174,0.007419559640013183,-0.3009522123446174,1.0,0.26888301571845874,0.017294474091937875,-0.26888301571845874,1.0,0.3009522123446174,0.007419559640013183,-0.3009522123446174,1.0,0.3009522123446174,-0.3009522123446174,0.2772543911784418,0.013990973069223183,-0.2772543911784418,1.0,0.2772543911784418,-0.2772543911784418,0.2436677246803829,0.03157206711370062,-0.2436677246803829,1.0,0.2436677246803829,-0.2436677246803829,6.235053753852844,20.0,6.2053280880576684,19.0,6.236799566369307,19.0,6.250647473335266,20.0,2.104407273712943,0.0007294819171566695,1.0,0.0,0.0,0.0,0.0,0.0,0.0,0.0,0.0,1.0,0.0,0.017116148893434508,-0.3009522123446174,0.007419559640013183,0.3009522123446174,1.0,-0.3009522123446174,0.007419559640013183,-1.0,0.3009522123446174,1.0,-2.460704960775165,0.15314722061157227,6.134521007537842,6.287668228149414,-0.49958438214895967,-1.0964800514460422,1.0,-1.0964800514460422,-1.0964800514460422,-0.06128503361422233,-0.06128503361422233,-0.3409880613866152,-0.3409880613866152
10.0,0.9133917093276978,0.7634332776069641,1.499584436416626,2.096479892730713,0.0,0.0,0.0,1.0058725099382286,1.0058725099382286,1.0023503439738677,0.08410287857678109,1.0,16.15169906616211,16.001453399658203,1.502465844154358,2.105009078979492,0.0,0.0,0.0,16.001454137808853,2.282148712073875,0.07027231862385382,6.293641567230225,0.04728226401635563,0.0,-1.0,0.5829992792018108,2.136369563067361e-08,-0.5829992792018108,1.0,0.5563929741144931,1.2289686449236723e-07,-0.5563929741144931,1.0,0.5829992792018108,2.136369563067361e-08,-0.5829992792018108,1.0,0.5829992792018108,-0.5829992792018108,0.5500196006525119,1.827564277278979e-07,-0.5500196006525119,1.0,0.5500196006525119,-0.5500196006525119,0.5362359159827514,4.193492945225388e-07,-0.5362359159827514,1.0,0.5362359159827514,-0.5362359159827514,6.282260870933532,20.0,6.255328228599147,19.0,6.307951776604903,19.0,6.327823734283447,20.0,2.1030898940441167,0.00043096851047769196,0.9871794871794872,0.0,0.0,0.0,0.0,0.0,0.0,0.0,0.0,0.9871794871794872,0.01282051282051282,0.019734979072982207,-0.5829992792018108,2.136369563067361e-08,0.5829992792018108,1.0,-0.5829992792018108,2.136369563067361e-08,-1.0,0.5829992792018108,1.0,-2.3975769723349045,0.1604905128479004,6.194370269775391,6.354860782623291,-0.5024657721133398,-1.105009127882353,1.0,-1.105009127882353,-1.105009127882353,-0.06463462010949317,-0.06463462010949317,-0.3377535683481738,-0.3377535683481738
11.0,0.8758718967437744,0.7256253361701965,1.502465844154358,2.105009078979492,0.0,0.0,0.0,0.8186192571564864,0.8186192571564864,0.8142677056168112,0.08429467229292587,1.0,15.972831726074219,15.82227611541748,1.5055592060089111,2.112473726272583,0.0,0.0,0.0,15.822275205516693,2.259626537678827,0.07937236088966144,6.349767684936523,0.055386475085510506,0.0,-1.0,0.6435716182551625,2.0838545632820795e-10,-0.6435716182551625,1.0,0.6217959255933939,1.2344521660356651e-09,-0.6217959255933939,1.0,0.6435716182551625,2.0838545632820795e-10,-0.6435716182551625,1.0,0.6435716182551625,-0.6435716182551625,0.6146891083599944,2.1424828207524477e-09,-0.6146891083599944,1.0,0.6146891083599944,-0.6146891083599944,0.6010065883483604,5.963568230801592e-09,-0.6010065883483604,1.0,0.6010065883483604,-0.6010065883483604,6.324128103256226,20.0,6.300045339684737,19.0,6.373686991239849,19.0,6.399919223785401,20.0,2.1013342372015975,0.0002631955598073707,0.6153846153846154,0.0,0.0,0.0,0.0,0.0,0.0,0.0,0.0,0.6153846153846154,0.38461538461538464,0.023837932610565032,-0.6435716182551625,2.0838545632820795e-10,0.6435716182551625,1.0,-0.6435716182551625,2.0838545632820795e-10,-1.0,0.6435716182551625,1.0,-2.329969463468936,0.1800861358642578,6.246443748474121,6.426529884338379,-0.5055591777656797,-1.1124737029771414,1.0,-1.1124737029771414,-1.1124737029771414,-0.06907593928693267,-0.06907593928693267,-0.33512789103296514,-0.33512789103296514
12.0,0.8445301055908203,0.6939741969108582,1.5055592060089111,2.112473726272583,0.0,0.0,0.0,0.7373531830842506,0.7373531830842506,0.732497959388004,0.08447754788632517,1.0,15.923200607299805,15.772321701049805,1.5087870359420776,2.119269847869873,0.0,0.0,0.0,15.772321197127786,2.2613349112017382,0.07767855709280404,6.4010329246521,0.06506361516919915,0.0,-1.0,0.6793333249029452,8.072227275580443e-12,-0.6793333249029452,1.0,0.6593280137583933,5.2510290476779435e-11,-0.6593280137583933,1.0,0.6793333249029452,8.072227275580443e-12,-0.6793333249029452,1.0,0.6793333249029452,-0.6793333249029452,0.6502484856915237,1.1734476956812216e-10,-0.6502484856915237,1.0,0.6502484856915237,-0.6502484856915237,0.638159309045385,3.2855202227896853e-10,-0.638159309045385,1.0,0.638159309045385,-0.638159309045385,6.361630177497863,20.0,6.340224868372867,19.0,6.4341822423433,19.0,6.466711258888244,20.0,2.0991906576067456,0.0007233979266035154,0.5641025641025641,0.0,0.0,0.0,0.0,0.0,0.0,0.0,0.0,0.5641025641025641,0.4358974358974359,0.028841474656368236,-0.6793333249029452,8.072227275580443e-12,0.6793333249029452,1.0,-0.6793333249029452,8.072227275580443e-12,-1.0,0.6793333249029452,1.0,-2.264797931708498,0.19910049438476562,6.293577194213867,6.492677688598633,-0.5087868593704152,-1.119269700080376,1.0,-1.119269700080376,-1.119269700080376,-0.0742008368933409,-0.0742008368933409,-0.33289004113752885,-0.33289004113752885
13.0,0.8180398941040039,0.6671611666679382,1.5087870359420776,2.119269847869873,0.0,0.0,0.0,0.68364096742878,0.68364096742878,0.6783788936437989,0.08465842548484875,1.0,15.758613586425781,15.607410430908203,1.5120341777801514,2.125380277633667,0.0,0.0,0.0,15.607407783105442,2.2453275346217088,0.08454119350625712,6.447774410247803,0.07522838664929114,0.0,-1.0,0.7054338066996295,5.557372624251427e-13,-0.7054338066996295,1.0,0.6857825718585211,4.276245816155218e-12,-0.6857825718585211,1.0,0.7054338066996295,5.557372624251427e-13,-0.7054338066996295,1.0,0.7054338066996295,-0.7054338066996295,0.6724541281503307,1.562195293848031e-11,-0.6724541281503307,1.0,0.6724541281503307,-0.6724541281503307,0.6657519695494378,2.923222116537804e-11,-0.6657519695494378,1.0,0.6657519695494378,-0.6657519695494378,6.395470309257507,20.0,6.376400771893953,19.0,6.489622492539255,19.0,6.5281280994415285,20.0,2.096670841319984,0.0014496762237630224,0.6538461538461539,0.0,0.0,0.0,0.0,0.0,0.0,0.0,0.0,0.34615384615384615,0.6538461538461539,0.034272012515268735,-0.7054338066996295,5.557372624251427e-13,0.7054338066996295,1.0,-0.7054338066996295,5.557372624251427e-13,-1.0,0.7054338066996295,1.0,-2.202885546197713,0.2164287567138672,6.336925506591797,6.553354263305664,-0.5120340488187723,-1.125380193878129,1.0,-1.125380193878129,-1.125380193878129,-0.07975303275034573,-0.07975303275034573,-0.33096891982784316,-0.33096891982784316
14.0,0.7977403402328491,0.6465369462966919,1.5120341777801514,2.125380277633667,0.0,0.0,0.0,0.7340553082972795,0.7340553082972795,0.7291367550635062,0.08483388506295574,1.0,15.458171844482422,15.306650161743164,1.5152201652526855,2.130784273147583,0.0,0.0,0.0,15.306649951508323,2.2091173173234853,0.10222577585524896,6.491193771362305,0.08527366506469615,0.0,-1.0,0.7361625716056095,1.5986773159781833e-14,-0.7361625716056095,1.0,0.715221487373386,1.8877270378764935e-13,-0.715221487373386,1.0,0.7361625716056095,1.5986773159781833e-14,-0.7361625716056095,1.0,0.7361625716056095,-0.7361625716056095,0.7021459553105123,7.909254838538162e-13,-0.7021459553105123,1.0,0.7021459553105123,-0.7021459553105123,0.6941539473185042,1.8288095430830352e-12,-0.6941539473185042,1.0,0.6941539473185042,-0.6941539473185042,6.427046585083008,20.0,6.409825626172517,19.0,6.54110890940616,19.0,6.585221242904663,20.0,2.093677358631894,0.002321761548509861,0.8717948717948718,0.0,0.0,0.0,0.0,0.0,0.0,0.0,0.0,0.1282051282051282,0.8717948717948718,0.039848245017483734,-0.7361625716056095,1.5986773159781833e-14,0.7361625716056095,1.0,-0.7361625716056095,1.5986773159781833e-14,-1.0,0.7361625716056095,1.0,-2.144807556234881,0.2326040267944336,6.377038955688477,6.60964298248291,-0.5152200483677808,-1.1307842296727824,1.0,-1.1307842296727824,-1.1307842296727824,-0.08555643536613644,-0.08555643536613644,-0.32931948006442524,-0.32931948006442524
15.0,0.7801356911659241,0.6286136507987976,1.5152201652526855,2.130784273147583,0.0,0.0,0.0,0.593767267983314,0.593767267983314,0.5876516382910874,0.08500070906862882,1.0,15.266703605651855,15.114863395690918,1.5184022188186646,2.1357507705688477,0.0,0.0,0.0,15.1148628761444,2.190637455574579,0.11213601142641244,6.531790733337402,0.09500428076636547,0.0,-1.0,0.7446604028882509,5.486367269799989e-15,-0.7446604028882509,1.0,0.7235422805043058,7.271673995270159e-14,-0.7235422805043058,1.0,0.7446604028882509,5.486367269799989e-15,-0.7446604028882509,1.0,0.7446604028882509,-0.7446604028882509,0.7098344693281401,3.4389005383601686e-13,-0.7098344693281401,1.0,0.7098344693281401,-0.7098344693281401,0.7025000316139556,7.61605313967822e-13,-0.7025000316139556,1.0,0.7025000316139556,-0.7025000316139556,6.456519150733948,20.0,6.44102678800884,19.0,6.589432641079552,19.0,6.63852891921997,20.0,2.090226957840239,0.003305332778294871,0.9743589743589743,0.0,0.0,0.0,0.0,0.0,0.0,0.0,0.0,0.02564102564102564,0.9743589743589743,0.04546978072437135,-0.7446604028882509,5.486367269799989e-15,0.7446604028882509,1.0,-0.7446604028882509,5.486367269799989e-15,-1.0,0.7446604028882509,1.0,-2.090343781326563,0.24794292449951172,6.414196968078613,6.662139892578125,-0.5184020837552874,-1.1357508076600569,1.0,-1.1357508076600569,-1.1357508076600569,-0.091590891965315,-0.091590891965315,-0.3278645516404908,-0.3278645516404908
16.0,0.7610099911689758,0.6091697812080383,1.5184022188186646,2.1357507705688477,0.0,0.0,0.0,0.605075313498489,0.605075313498489,0.5990517013238233,0.0851656864372477,1.0,15.1909818649292,15.03882122039795,1.5216068029403687,2.1398966312408447,0.0,0.0,0.0,15.038821425496021,2.1875647441981534,0.1130542872863699,6.56968355178833,0.10466993563497737,0.0,-1.0,0.7554091478142111,1.3333143442457521e-15,-0.7554091478142111,1.0,0.7343668989238609,1.9935899211385003e-14,-0.7343668989238609,1.0,0.7554091478142111,1.3333143442457521e-15,-0.7554091478142111,1.0,0.7554091478142111,-0.7554091478142111,0.721518987341772,9.199203548153906e-14,-0.721518987341772,1.0,0.721518987341772,-0.721518987341772,0.7134511058561691,2.3024989721049504e-13,-0.7134511058561691,1.0,0.7134511058561691,-0.7134511058561691,6.483603239059448,20.0,6.469772313770495,19.0,6.634918137600548,19.0,6.688707637786865,20.0,2.086378918834209,0.004381809305775905,0.9871794871794872,0.0,0.0,0.0,0.0,0.0,0.0,0.0,0.0,0.01282051282051282,0.9871794871794872,0.05123834291200966,-0.7554091478142111,1.3333143442457521e-15,0.7554091478142111,1.0,-0.7554091478142111,1.3333143442457521e-15,-1.0,0.7554091478142111,1.0,-2.0416852333469113,0.2656888961791992,6.4457597732543945,6.711448669433594,-0.5216066650517047,-1.1398964844947685,1.0,-1.1398964844947685,-1.1398964844947685,-0.09813126127949312,-0.09813126127949312,-0.32679224938085283,-0.32679224938085283
17.0,0.748805582523346,0.5966448783874512,1.5216068029403687,2.1398966312408447,0.0,0.0,0.0,0.7488883009366915,0.7488883009366915,0.7440123434203119,0.0853189317681636,1.0,15.105119705200195,14.95263957977295,1.524803876876831,2.1428089141845703,0.0,0.0,0.0,14.952638671306687,2.1793594060398034,0.11430306831143276,6.605002403259277,0.11438227558555412,0.0,-1.0,0.7644128023874859,3.8500971876234086e-16,-0.7644128023874859,1.0,0.7437499209651107,6.164813135789159e-15,-0.7437499209651107,1.0,0.7644128023874859,3.8500971876234086e-16,-0.7644128023874859,1.0,0.7644128023874859,-0.7644128023874859,0.7308008447248953,3.074422683695071e-14,-0.7308008447248953,1.0,0.7308008447248953,-0.7308008447248953,0.7241492684530657,6.77366955890502e-14,-0.7241492684530657,1.0,0.7241492684530657,-0.7241492684530657,6.508235883712769,20.0,6.496033417551141,19.0,6.677788081922029,19.0,6.736143589019775,20.0,2.0821898059011477,0.0055178227422600454,0.9871794871794872,0.0,0.0,0.0,0.0,0.0,0.0,0.0,0.0,0.01282051282051282,0.9871794871794872,0.057203889134713935,-0.7644128023874859,3.8500971876234086e-16,0.7644128023874859,1.0,-0.7644128023874859,3.8500971876234086e-16,-1.0,0.7644128023874859,1.0,-1.994909815615914,0.2821626663208008,6.4757537841796875,6.757916450500488,-0.5248037067507064,-1.1428088448830933,1.0,-1.1428088448830933,-1.1428088448830933,-0.10533935491995017,-0.10533935491995017,-0.32626292044907634,-0.32626292044907634
18.0,0.7336305379867554,0.5811501741409302,1.524803876876831,2.1428089141845703,0.0,0.0,0.0,0.5761889104888342,0.5761889104888342,0.5698177788503999,0.08544799281613755,1.0,15.093413352966309,14.9406099319458,1.5280377864837646,2.1449925899505615,0.0,0.0,0.0,14.940609553117035,2.180651678255974,0.11048975225714087,6.638448715209961,0.1239752011251475,0.0,-1.0,0.7723289368858989,1.2330886720618886e-16,-0.7723289368858989,1.0,0.7518683847797771,2.141683687530091e-15,-0.7518683847797771,1.0,0.7723289368858989,1.2330886720618886e-16,-0.7723289368858989,1.0,0.7723289368858989,-0.7723289368858989,0.7400574109434869,9.842654676087565e-15,-0.7400574109434869,1.0,0.7400574109434869,-0.7400574109434869,0.7311549210283386,2.9458980817431285e-14,-0.7311549210283386,1.0,0.7311549210283386,-0.7311549210283386,6.5312501192092896,20.0,6.520620797809801,19.0,6.7186604800977205,19.0,6.781382083892822,20.0,2.077703424172857,0.006694496350852529,1.0,0.0,0.0,0.0,0.0,0.0,0.0,0.0,0.0,0.0,1.0,0.0633066633912771,-0.7723289368858989,1.2330886720618886e-16,0.7723289368858989,1.0,-0.7723289368858989,1.2330886720618886e-16,-1.0,0.7723289368858989,1.0,-1.953872671725737,0.30249834060668945,6.499593734741211,6.8020920753479,-0.5280376631719177,-1.1449924906901865,1.0,-1.1449924906901865,-1.1449924906901865,-0.11302781296854625,-0.11302781296854625,-0.3260926858570219,-0.3260926858570219
19.0,0.7178807258605957,0.5650769472122192,1.5280377864837646,2.1449925899505615,0.0,0.0,0.0,0.6683179198320568,0.6683179198320568,0.6628176734599541,0.08556619494742734,1.0,15.177943229675293,15.024816513061523,1.5312672853469849,2.146801233291626,0.0,0.0,0.0,15.024815178591655,2.19613038847804,0.101401816489868,6.670286655426025,0.13316834600921476,0.0,-1.0,0.7787276015124116,4.748645808657836e-17,-0.7787276015124116,1.0,0.7585958345452016,8.643455781338495e-16,-0.7585958345452016,1.0,0.7787276015124116,4.748645808657836e-17,-0.7787276015124116,1.0,0.7787276015124116,-0.7787276015124116,0.7463549109118729,4.4103918327313685e-15,-0.7463549109118729,1.0,0.7463549109118729,-0.7463549109118729,0.7384134852489282,1.2091403510467574e-14,-0.7384134852489282,1.0,0.7384134852489282,-0.7384134852489282,6.553250741958618,20.0,6.543972442024632,19.0,6.757591624008982,19.0,6.824381256103516,20.0,2.072968027872268,0.007881199373178664,1.0,0.0,0.0,0.0,0.0,0.0,0.0,0.0,0.0,0.0,1.0,0.06940362309796591,-0.7787276015124116,4.748645808657836e-17,0.7787276015124116,1.0,-0.7787276015124116,4.748645808657836e-17,-1.0,0.7787276015124116,1.0,-1.9111321063451188,0.3183631896972656,6.525596618652344,6.843959808349609,-0.5312672616872692,-1.14680138252558,1.0,-1.14680138252558,-1.14680138252558,-0.12089888220220257,-0.12089888220220257,-0.32610152033402584,-0.32610152033402584
20.0,0.6965298056602478,0.5434030890464783,1.5312672853469849,2.146801233291626,0.0,0.0,0.0,0.7318351492080409,0.7318351492080409,0.7268021514093287,0.08568149346928274,1.0,15.085800170898438,14.932365417480469,1.5343462228775024,2.1475818157196045,0.0,0.0,0.0,14.932365050822456,2.1825130086802105,0.10609660541099442,6.699934959411621,0.142079902521354,0.0,-1.0,0.7838111255832775,2.1746429883520953e-17,-0.7838111255832775,1.0,0.7639322702613841,4.1197011450904773e-16,-0.7639322702613841,1.0,0.7838111255832775,2.1746429883520953e-17,-0.7838111255832775,1.0,0.7838111255832775,-0.7838111255832775,0.7531076518418289,1.815980874981995e-15,-0.7531076518418289,1.0,0.7531076518418289,-0.7531076518418289,0.7432946800035407,6.5336782194773596e-15,-0.7432946800035407,1.0,0.7432946800035407,-0.7432946800035407,6.573656320571899,20.0,6.5652873892533155,19.0,6.7939698068719165,19.0,6.86479344367981,20.0,2.0680617472974347,0.009050400397714412,1.0,0.0,0.0,0.0,0.0,0.0,0.0,0.0,0.0,0.0,1.0,0.07547662737102033,-0.7838111255832775,2.1746429883520953e-17,0.7838111255832775,1.0,-0.7838111255832775,2.1746429883520953e-17,-1.0,0.7838111255832775,1.0,-1.8763488691245362,0.33855676651000977,6.544614791870117,6.883171558380127,-0.5343460053503792,-1.1475818369341049,1.0,-1.1475818369341049,-1.1475818369341049,-0.12898500156198067,-0.12898500156198067,-0.32647117755505306,-0.32647117755505306
21.0,0.6812905669212341,0.5278559327125549,1.5343462228775024,2.1475818157196045,0.0,0.0,0.0,0.5355483355745451,0.5355483355745451,0.528635216049423,0.08577195397707493,1.0,15.081713676452637,14.927969932556152,1.5374391078948975,2.147642135620117,0.0,0.0,0.0,14.927968053591421,2.182850431386206,0.10480606509628525,6.727791786193848,0.15095077984792324,0.0,-1.0,0.7924607038531088,5.480078226944871e-18,-0.7924607038531088,1.0,0.7728094690120006,1.149053089634623e-16,-0.7728094690120006,1.0,0.7924607038531088,5.480078226944871e-18,-0.7924607038531088,1.0,0.7924607038531088,-0.7924607038531088,0.7624400915540155,5.078090219640379e-16,-0.7624400915540155,1.0,0.7624400915540155,-0.7624400915540155,0.7527788667029173,1.8974045321515637e-15,-0.7527788667029173,1.0,0.7527788667029173,-0.7527788667029173,6.592347407341004,20.0,6.58489089263113,19.0,6.828581609224019,19.0,6.903241038322449,20.0,2.0629949218391452,0.010223861691085401,1.0,0.0,0.0,0.0,0.0,0.0,0.0,0.0,0.0,0.0,1.0,0.08166089102842934,-0.7924607038531088,5.480078226944871e-18,0.7924607038531088,1.0,-0.7924607038531088,5.480078226944871e-18,-1.0,0.7924607038531088,1.0,-1.8454445038279537,0.36018896102905273,6.560220241546631,6.920409202575684,-0.5374391111474823,-1.1476422316870822,1.0,-1.1476422316870822,-1.1476422316870822,-0.1374876196120951,-0.1374876196120951,-0.3271874821432703,-0.3271874821432703
22.0,0.6633701324462891,0.5096262097358704,1.5374391078948975,2.147642135620117,0.0,0.0,0.0,0.5329351482492464,0.5329351482492464,0.5259750647116074,0.08584930716707403,1.0,15.194250106811523,15.040189743041992,1.540600061416626,2.1466526985168457,0.0,0.0,0.0,15.040190139227562,2.2007468732722644,0.09540469871547484,6.753635406494141,0.16013369169513544,0.0,-1.0,0.8060420592066162,5.48706256824964e-19,-0.8060420592066162,1.0,0.7865172801881661,1.42260788393432e-17,-0.7865172801881661,1.0,0.8060420592066162,5.48706256824964e-19,-0.8060420592066162,1.0,0.8060420592066162,-0.8060420592066162,0.7762743585528394,6.871804649578764e-17,-0.7762743585528394,1.0,0.7762743585528394,-0.7762743585528394,0.7658038164367278,3.162202251055295e-16,-0.7658038164367278,1.0,0.7658038164367278,-0.7658038164367278,6.6086444616317745,20.0,6.602314246328254,19.0,6.861453006142064,19.0,6.939955163002014,20.0,2.0578068878556515,0.011413818028621393,1.0,0.0,0.0,0.0,0.0,0.0,0.0,0.0,0.0,0.0,1.0,0.08811219432977803,-0.8060420592066162,5.48706256824964e-19,0.8060420592066162,1.0,-0.8060420592066162,5.48706256824964e-19,-1.0,0.8060420592066162,1.0,-1.817459105915763,0.38259315490722656,6.573300361633301,6.955893516540527,-0.540599983046051,-1.1466527296384408,1.0,-1.1466527296384408,-1.1466527296384408,-0.1467099492300976,-0.1467099492300976,-0.3284372702696159,-0.3284372702696159
23.0,0.6460510492324829,0.4919910728931427,1.540600061416626,2.1466526985168457,0.0,0.0,0.0,0.609116373294064,0.609116373294064,0.603028175268896,0.0859056229054835,1.0,15.130509376525879,14.976167678833008,1.5434143543243408,2.143616199493408,0.0,0.0,0.0,14.97616661600694,2.1906285801978034,0.09764092103071688,6.775740623474121,0.16954393529158232,0.0,-1.0,0.810822089303102,2.3371113266097026e-19,-0.810822089303102,1.0,0.790993816310272,6.954769244100956e-18,-0.790993816310272,1.0,0.810822089303102,2.3371113266097026e-19,-0.810822089303102,1.0,0.810822089303102,-0.810822089303102,0.7810543886493254,3.329988141056908e-17,-0.7810543886493254,1.0,0.7810543886493254,-0.7810543886493254,0.7720001517469872,1.2939731103052897e-16,-0.7720001517469872,1.0,0.7720001517469872,-0.7720001517469872,6.621182608604431,20.0,6.615725366692794,19.0,6.890603918778269,19.0,6.973191595077514,20.0,2.052675071607322,0.012581174117269698,1.0,0.0,0.0,0.0,0.0,0.0,0.0,0.0,0.0,0.0,1.0,0.0945522704214199,-0.810822089303102,2.3371113266097026e-19,0.810822089303102,1.0,-0.810822089303102,2.3371113266097026e-19,-1.0,0.810822089303102,1.0,-1.7952547845483366,0.4058403968811035,6.582638263702393,6.988478660583496,-0.5434142084451824,-1.1436162671803576,1.0,-1.1436162671803576,-1.1436162671803576,-0.15626829400476816,-0.15626829400476816,-0.3303580641504229,-0.3303580641504229
24.0,0.6325165629386902,0.4781751334667206,1.5434143543243408,2.143616199493408,0.0,0.0,0.0,0.7962732340573601,0.7962732340573601,0.791626262279474,0.08590066440719075,1.0,15.374415397644043,15.219802856445312,1.5461246967315674,2.140678882598877,0.0,0.0,0.0,15.219802016310819,2.22830268741251,0.08028564821711276,6.796355724334717,0.1785040530002157,0.0,-1.0,0.8101898101898101,2.620039018173726e-19,-0.8101898101898101,1.0,0.7901844990452584,7.925580207730774e-18,-0.7901844990452584,1.0,0.8101898101898101,2.620039018173726e-19,-0.8101898101898101,1.0,0.8101898101898101,-0.8101898101898101,0.7783482340444365,5.0294767033574894e-17,-0.7783482340444365,1.0,0.7783482340444365,-0.7783482340444365,0.7729865071637223,1.1195089624581545e-16,-0.7729865071637223,1.0,0.7729865071637223,-0.7729865071637223,6.632837033271789,20.0,6.627989091371235,19.0,6.917934718884919,19.0,7.004321813583374,20.0,2.0474679009032952,0.01374407369916437,1.0,0.0,0.0,0.0,0.0,0.0,0.0,0.0,0.0,0.0,1.0,0.10076042961477887,-0.8101898101898101,2.620039018173726e-19,0.8101898101898101,1.0,-0.8101898101898101,2.620039018173726e-19,-1.0,0.8101898101898101,1.0,-1.775850655174749,0.4280209541320801,6.590913772583008,7.018934726715088,-0.5461245249427314,-1.1406788855393168,1.0,-1.1406788855393168,-1.1406788855393168,-0.16550365251959231,-0.16550365251959231,-0.33219103676928574,-0.33219103676928574
25.0,0.6203082799911499,0.4656957983970642,1.5461246967315674,2.140678882598877,0.0,0.0,0.0,0.7536650097418813,0.7536650097418813,0.7487537336954244,0.08589990213260762,1.0,15.290608406066895,15.135818481445312,1.547900915145874,2.136396646499634,0.0,0.0,0.0,15.13581722465445,2.2199523268948096,0.08506974138857865,6.8132710456848145,0.18646969940515715,0.0,-1.0,0.8101645190252785,2.6320191163601886e-19,-0.8101645190252785,1.0,0.7905891576777653,7.424856729589915e-18,-0.7905891576777653,1.0,0.8101645190252785,2.6320191163601886e-19,-0.8101645190252785,1.0,0.8101645190252785,-0.8101645190252785,0.7786517280188167,4.8035720655424634e-17,-0.7786517280188167,1.0,0.7786517280188167,-0.7786517280188167,0.7746304328582809,8.779998968731466e-17,-0.7746304328582809,1.0,0.7746304328582809,-0.7746304328582809,6.642378330230713,20.0,6.637077431929739,19.0,6.9405161205090975,19.0,7.03066577911377,20.0,2.042398297446124,0.014799015727590103,1.0,0.0,0.0,0.0,0.0,0.0,0.0,0.0,0.0,0.0,1.0,0.10602689476929955,-0.8101645190252785,2.6320191163601886e-19,0.8101645190252785,1.0,-0.8101645190252785,2.6320191163601886e-19,-1.0,0.8101645190252785,1.0,-1.7638194004395444,0.4486408233642578,6.596799850463867,7.045440673828125,-0.5479009549173595,-1.1363965216688827,1.0,-1.1363965216688827,-1.1363965216688827,-0.17335213578639275,-0.17335213578639275,-0.33395420729680336,-0.33395420729680336
26.0,0.6082709431648254,0.45348086953163147,1.547900915145874,2.136396646499634,0.0,0.0,0.0,0.6287108357631853,0.6287108357631853,0.6228237122703616,0.08583669634724285,1.0,15.426533699035645,15.271595001220703,1.549385905265808,2.13227915763855,0.0,0.0,0.0,15.27159320262291,2.2417225308584956,0.07617974013218072,6.828823089599609,0.19381147526045672,0.0,-1.0,0.8076354025721114,4.1393897548886327e-19,-0.8076354025721114,1.0,0.78884406732508,9.828217327394778e-18,-0.78884406732508,1.0,0.8076354025721114,4.1393897548886327e-19,-0.8076354025721114,1.0,0.8076354025721114,-0.8076354025721114,0.7765272701981561,6.616343906234653e-17,-0.7765272701981561,1.0,0.7765272701981561,-0.7765272701981561,0.7740487360740524,9.570576489862912e-17,-0.7740487360740524,1.0,0.7740487360740524,-0.7740487360740524,6.651438069343567,20.0,6.645217017123573,19.0,6.96114949176186,19.0,7.05492479801178,20.0,2.0373079934776,0.015835199816358524,1.0,0.0,0.0,0.0,0.0,0.0,0.0,0.0,0.0,0.0,1.0,0.11082777655803314,-0.8076354025721114,4.1393897548886327e-19,0.8076354025721114,1.0,-0.8076354025721114,4.1393897548886327e-19,-1.0,0.8076354025721114,1.0,-1.7546740884991703,0.4678773880004883,6.602033615112305,7.069911003112793,-0.5493858528571918,-1.1322790726364889,1.0,-1.1322790726364889,-1.1322790726364889,-0.18042018330550325,-0.18042018330550325,-0.3354583026295834,-0.3354583026295834
27.0,0.594132125377655,0.4391935467720032,1.549385905265808,2.13227915763855,0.0,0.0,0.0,0.4541641754540054,0.4541641754540054,0.445991430651971,0.0857714524234301,1.0,15.434228897094727,15.279206275939941,1.5502291917800903,2.1267192363739014,0.0,0.0,0.0,15.279206320813858,2.24736306275655,0.07417905156131475,6.841136455535889,0.20097816119193584,0.0,-1.0,0.8026277519948405,9.951027943243523e-19,-0.8026277519948405,1.0,0.7837605432542141,2.191834408543502e-17,-0.7837605432542141,1.0,0.8026277519948405,9.951027943243523e-19,-0.8026277519948405,1.0,0.8026277519948405,-0.8026277519948405,0.7701538967361752,1.6936227261478638e-16,-0.7701538967361752,1.0,0.7701538967361752,-0.7701538967361752,0.7716713666080754,1.3577548982738635e-16,-0.7716713666080754,1.0,0.7716713666080754,-0.7716713666080754,6.657758736610413,20.0,6.650086402893066,19.0,6.978143290469521,19.0,7.075853538513184,20.0,2.032391689662557,0.016833966845056877,0.9743589743589743,0.0,0.0,0.0,0.0,0.0,0.0,0.0,0.0,0.02564102564102564,0.9743589743589743,0.11512681013667804,-0.8026277519948405,9.951027943243523e-19,0.8026277519948405,1.0,-0.8026277519948405,9.951027943243523e-19,-1.0,0.8026277519948405,1.0,-1.7522011608677268,0.4865684509277344,6.604519844055176,7.09108829498291,-0.5502291540370186,-1.1267192794677268,1.0,-1.1267192794677268,-1.1267192794677268,-0.18681922251010485,-0.18681922251010485,-0.33714896013322426,-0.33714896013322426
28.0,0.5826122164726257,0.4275892972946167,1.5502291917800903,2.1267192363739014,0.0,0.0,0.0,0.41561829045071425,0.41561829045071425,0.4066977500423286,0.08564755377523557,1.0,15.467286109924316,15.312237739562988,1.5504854917526245,2.1201059818267822,0.0,0.0,0.0,15.312236672970354,2.256980273464663,0.06885023001132999,6.849769115447998,0.20796251820642814,0.0,-1.0,0.7937758444087557,4.4186377648913036e-18,-0.7937758444087557,1.0,0.7755409147814211,7.667662326881045e-17,-0.7755409147814211,1.0,0.7937758444087557,4.4186377648913036e-18,-0.7937758444087557,1.0,0.7937758444087557,-0.7937758444087557,0.7612766979855586,5.971196273493559e-16,-0.7612766979855586,1.0,0.7612766979855586,-0.7612766979855586,0.7646657140328026,3.7151227197831887e-16,-0.7646657140328026,1.0,0.7646657140328026,-0.7646657140328026,6.6609138488769535,20.0,6.651242607518246,19.0,6.991073658591823,19.0,7.092985010147094,20.0,2.0278081084094626,0.017782200012195756,0.9615384615384616,0.0,0.0,0.0,0.0,0.0,0.0,0.0,0.0,0.038461538461538464,0.9615384615384616,0.11890824130977097,-0.7937758444087557,4.4186377648913036e-18,0.7937758444087557,1.0,-0.7937758444087557,4.4186377648913036e-18,-1.0,0.7937758444087557,1.0,-1.755905591384345,0.5047297477722168,6.603762149810791,7.108491897583008,-0.5504854519877173,-1.120106064739498,1.0,-1.120106064739498,-1.120106064739498,-0.1924546134281575,-0.1924546134281575,-0.338895677795497,-0.338895677795497
29.0,0.5705273151397705,0.41547879576683044,1.5504854917526245,2.1201059818267822,0.0,0.0,0.0,0.543333362597553,0.543333362597553,0.5365676925096147,0.08547662994334551,1.0,15.693829536437988,15.538790702819824,1.550390601158142,2.114095449447632,0.0,0.0,0.0,15.538789323473683,2.2914165907209085,0.050193796194497244,6.857258319854736,0.21409597794236307,0.0,-1.0,0.7873265974531798,1.2515495475328396e-17,-0.7873265974531798,1.0,0.7689905031677182,2.004094517556884e-16,-0.7689905031677182,1.0,0.7873265974531798,1.2515495475328396e-17,-0.7873265974531798,1.0,0.7873265974531798,-0.7873265974531798,0.7539169691068425,1.6296533772799646e-15,-0.7539169691068425,1.0,0.7539169691068425,-0.7539169691068425,0.7580141377609732,9.35977732370489e-16,-0.7580141377609732,1.0,0.7580141377609732,-0.7580141377609732,6.664045405387879,20.0,6.651856899261475,19.0,7.00214473824752,19.0,7.107960629463196,20.0,2.0233588477082796,0.018692566659100393,0.9615384615384616,0.0,0.0,0.0,0.0,0.0,0.0,0.0,0.0,0.038461538461538464,0.9615384615384616,0.12205647448785113,-0.7873265974531798,1.2515495475328396e-17,0.7873265974531798,1.0,-0.7873265974531798,1.2515495475328396e-17,-1.0,0.7873265974531798,1.0,-1.7617356736922873,0.5209259986877441,6.602797031402588,7.123723030090332,-0.550390598173022,-1.1140953929411541,1.0,-1.1140953929411541,-1.1140953929411541,-0.19693756459797784,-0.19693756459797784,-0.34013883697993474,-0.34013883697993474
30.0,0.559973418712616,0.4049343764781952,1.550390601158142,2.114095449447632,0.0,0.0,0.0,0.8496398124063749,0.8496398124063749,0.8453459455390858,0.08531144815655683,1.0,15.406657218933105,15.251707077026367,1.549505591392517,2.1071078777313232,0.0,0.0,0.0,15.251704763644954,2.2634380131096252,0.06263129674657197,6.861620903015137,0.21966993310901187,0.0,-1.0,0.7821166175596554,2.82783966597192e-17,-0.7821166175596554,1.0,0.7639069790968523,4.134384268643772e-16,-0.7639069790968523,1.0,0.7821166175596554,2.82783966597192e-17,-0.7821166175596554,1.0,0.7821166175596554,-0.7821166175596554,0.7482011659226849,3.4699641083906075e-15,-0.7482011659226849,1.0,0.7482011659226849,-0.7482011659226849,0.7540940072585641,1.5914255305746746e-15,-0.7540940072585641,1.0,0.7540940072585641,-0.7540940072585641,6.665068054199219,20.0,6.6495487062554615,19.0,7.009457387422261,19.0,7.119198751449585,20.0,2.0192521567713166,0.019510654984243005,0.9615384615384616,0.0,0.0,0.0,0.0,0.0,0.0,0.0,0.0,0.038461538461538464,0.9615384615384616,0.12442527531715215,-0.7821166175596554,2.82783966597192e-17,0.7821166175596554,1.0,-0.7821166175596554,2.82783966597192e-17,-1.0,0.7821166175596554,1.0,-1.7737966720258662,0.5358943939208984,6.599431037902832,7.1353254318237305,-0.549505568230683,-1.1071077780872245,1.0,-1.1071077780872245,-1.1071077780872245,-0.2001622753195913,-0.2001622753195913,-0.34124665128523346,-0.34124665128523346
31.0,0.5556427240371704,0.4006921648979187,1.549505591392517,2.1071078777313232,0.0,0.0,0.0,1.4864631580916654,1.4864631580916654,1.484025550243497,0.08509339920542942,1.0,15.618486404418945,15.463587760925293,1.548986554145813,2.1021459102630615,0.0,0.0,0.0,15.463586860527835,2.294801321411983,0.045693289138241354,6.867090702056885,0.22456294913600072,0.0,-1.0,0.7780194489055248,5.2857803173667084e-17,-0.7780194489055248,1.0,0.7597086457845951,7.417647701043402e-16,-0.7597086457845951,1.0,0.7780194489055248,5.2857803173667084e-17,-0.7780194489055248,1.0,0.7780194489055248,-0.7780194489055248,0.7434464269907307,6.408420760946455e-15,-0.7434464269907307,1.0,0.7434464269907307,-0.7434464269907307,0.7508314470339786,2.456859638543849e-15,-0.7508314470339786,1.0,0.7508314470339786,-0.7508314470339786,6.667580676078797,20.0,6.6491884683307845,19.0,7.017648521222566,19.0,7.130577111244202,20.0,2.015163957219695,0.020343852220736574,0.9615384615384616,0.0,0.0,0.0,0.0,0.0,0.0,0.0,0.0,0.038461538461538464,0.9615384615384616,0.1266644256593097,-0.7780194489055248,5.2857803173667084e-17,0.7780194489055248,1.0,-0.7780194489055248,5.2857803173667084e-17,-1.0,0.7780194489055248,1.0,-1.782028602012963,0.5492682456970215,6.597772598266602,7.147040843963623,-0.5489864394385592,-1.1021459016657889,1.0,-1.1021459016657889,-1.1021459016657889,-0.20303610194603694,-0.20303610194603694,-0.34177731470385364,-0.34177731470385364
32.0,0.540245771408081,0.3853470981121063,1.548986554145813,2.1021459102630615,0.0,0.0,0.0,0.5129444892459287,0.5129444892459287,0.5058623484314715,0.08494311912782135,1.0,15.660900115966797,15.506044387817383,1.5485610961914062,2.0963704586029053,0.0,0.0,0.0,15.506043157988763,2.3049607183525547,0.03986159560552758,6.870543956756592,0.23033429638276062,0.0,-1.0,0.773315292302634,1.0665754560379554e-16,-0.773315292302634,1.0,0.7554344389787426,1.328770125110032e-15,-0.7554344389787426,1.0,0.773315292302634,1.0665754560379554e-16,-0.773315292302634,1.0,0.773315292302634,-0.773315292302634,0.7388687262104983,1.142343002596057e-14,-0.7388687262104983,1.0,0.7388687262104983,-0.7388687262104983,0.7471136458478229,3.997453430238957e-15,-0.7471136458478229,1.0,0.7471136458478229,-0.7471136458478229,6.667009925842285,20.0,6.646162735788446,19.0,7.024552897403114,19.0,7.140930604934693,20.0,2.0113504356441974,0.02126949304504946,0.9743589743589743,0.0,0.0,0.0,0.0,0.0,0.0,0.0,0.0,0.02564102564102564,0.9743589743589743,0.12920820139527336,-0.773315292302634,1.0665754560379554e-16,0.773315292302634,1.0,-0.773315292302634,1.0665754560379554e-16,-1.0,0.773315292302634,1.0,-1.7925201069485486,0.5644330978393555,6.593253135681152,7.157686233520508,-0.5485611108790779,-1.0963704236272456,1.0,-1.0963704236272456,-1.0963704236272456,-0.20655689116098408,-0.20655689116098408,-0.342756017849005,-0.342756017849005
33.0,0.5336617231369019,0.37880560755729675,1.5485610961914062,2.0963704586029053,0.0,0.0,0.0,0.748974992646412,0.748974992646412,0.74416185799601,0.08477422198769523,1.0,15.356484413146973,15.201676368713379,1.5480846166610718,2.089552402496338,0.0,0.0,0.0,15.201676510271533,2.2722087940658864,0.0557489892097179,6.871641635894775,0.2369031894342263,0.0,-1.0,0.7699009850908584,1.7568903645413539e-16,-0.7699009850908584,1.0,0.7516913466280555,2.192582301754967e-15,-0.7516913466280555,1.0,0.7699009850908584,1.7568903645413539e-16,-0.7699009850908584,1.0,0.7699009850908584,-0.7699009850908584,0.7342404431012025,2.0246896641837092e-14,-0.7342404431012025,1.0,0.7342404431012025,-0.7342404431012025,0.7435728828133891,6.305810604294331e-15,-0.7435728828133891,1.0,0.7435728828133891,-0.7435728828133891,6.663098788261413,20.0,6.640212008827611,19.0,7.029719528399016,19.0,7.149866724014283,20.0,2.0078283847050478,0.022270500716366406,0.9743589743589743,0.0,0.0,0.0,0.0,0.0,0.0,0.0,0.0,0.02564102564102564,0.9743589743589743,0.13191418817734926,-0.7699009850908584,1.7568903645413539e-16,0.7699009850908584,1.0,-0.7699009850908584,1.7568903645413539e-16,-1.0,0.7699009850908584,1.0,-1.806383735160976,0.581294059753418,6.585609436035156,7.166903495788574,-0.5480845518881787,-1.0895524883858347,1.0,-1.0895524883858347,-1.0895524883858347,-0.2105226072515518,-0.2105226072515518,-0.34417856002715075,-0.34417856002715075
34.0,0.528791069984436,0.37398257851600647,1.5480846166610718,2.089552402496338,0.0,0.0,0.0,1.5899825675233838,1.5899825675233838,1.5877315529505027,0.08457588777918189,1.0,15.64200210571289,15.487177848815918,1.5482444763183594,2.0839498043060303,0.0,0.0,0.0,15.487178279334831,2.308043783568403,0.03644685236832793,6.873024940490723,0.2438373269295874,0.0,-1.0,0.7666890071953362,2.787947591153249e-16,-0.7666890071953362,1.0,0.7485299510615966,3.3241678555427084e-15,-0.7485299510615966,1.0,0.7666890071953362,2.787947591153249e-16,-0.7666890071953362,1.0,0.7666890071953362,-0.7666890071953362,0.7303708949278569,3.2377578251272757e-14,-0.7303708949278569,1.0,0.7303708949278569,-0.7303708949278569,0.7416254631444504,8.076912313260567e-15,-0.7416254631444504,1.0,0.7416254631444504,-0.7416254631444504,6.658568549156189,20.0,6.634583423012181,19.0,7.035786603626452,19.0,7.159377861022949,20.0,2.0044076125986736,0.023355264278051024,0.9743589743589743,0.0,0.0,0.0,0.0,0.0,0.0,0.0,0.0,0.02564102564102564,0.9743589743589743,0.13504437198041525,-0.7666890071953362,2.787947591153249e-16,0.7666890071953362,1.0,-0.7666890071953362,2.787947591153249e-16,-1.0,0.7666890071953362,1.0,-1.813678739965296,0.5954446792602539,6.581176280975342,7.176620960235596,-0.5482444070064241,-1.083949724490799,1.0,-1.083949724490799,-1.083949724490799,-0.21518917037166196,-0.21518917037166196,-0.3455943261568113,-0.3455943261568113
35.0,0.515658974647522,0.3608345091342926,1.5482444763183594,2.0839498043060303,0.0,0.0,0.0,0.43870408951454554,0.43870408951454554,0.4305024015057071,0.08443317152994613,1.0,15.813261032104492,15.658395767211914,1.5486571788787842,2.0785834789276123,0.0,0.0,0.0,15.658396438598317,2.3306659863541364,0.024570968904954787,6.873816013336182,0.25114239815428013,0.0,-1.0,0.7671189569923745,2.6219636847271126e-16,-0.7671189569923745,1.0,0.7491116478458251,3.0805657000589672e-15,-0.7491116478458251,1.0,0.7671189569923745,2.6219636847271126e-16,-0.7671189569923745,1.0,0.7671189569923745,-0.7671189569923745,0.7307755535603637,3.083806812596564e-14,-0.7307755535603637,1.0,0.7307755535603637,-0.7307755535603637,0.7429406037000973,6.835189976144961e-15,-0.7429406037000973,1.0,0.7429406037000973,-0.7429406037000973,6.65275092124939,20.0,6.628248490785298,19.0,7.041730378803454,19.0,7.168653059005737,20.0,2.001173810840424,0.02450651875582693,0.9743589743589743,0.0,0.0,0.0,0.0,0.0,0.0,0.0,0.0,0.02564102564102564,0.9743589743589743,0.13840489699794145,-0.7671189569923745,2.6219636847271126e-16,0.7671189569923745,1.0,-0.7671189569923745,2.6219636847271126e-16,-1.0,0.7671189569923745,1.0,-1.819318275156692,0.6093864440917969,6.576683044433594,7.186069488525391,-0.5486570915021912,-1.0785836087106748,1.0,-1.0785836087106748,-1.0785836087106748,-0.22027776258250942,-0.22027776258250942,-0.3471099032133895,-0.3471099032133895
36.0,0.5081528425216675,0.35328713059425354,1.5486571788787842,2.0785834789276123,0.0,0.0,0.0,1.287201381464432,1.287201381464432,1.2844375267593782,0.08430679863566017,1.0,15.44611930847168,15.291218757629395,1.549001693725586,2.0726897716522217,0.0,0.0,0.0,15.29121821563566,2.2865948512668632,0.04595593579097488,6.87444543838501,0.2585856297622005,0.0,-1.0,0.7689399208386549,2.0187700817946408e-16,-0.7689399208386549,1.0,0.751109649843827,2.3681654466260297e-15,-0.751109649843827,1.0,0.7689399208386549,2.0187700817946408e-16,-0.7689399208386549,1.0,0.7689399208386549,-0.7689399208386549,0.7327988467228973,2.413947849878813e-14,-0.7327988467228973,1.0,0.7327988467228973,-0.7327988467228973,0.7452168085079477,5.107826137434134e-15,-0.7452168085079477,1.0,0.7452168085079477,-0.7452168085079477,6.646531414985657,20.0,6.6217191595780225,19.0,7.047554317273591,19.0,7.1779955387115475,20.0,1.9980084964618852,0.025674324415239095,0.9743589743589743,0.0,0.0,0.0,0.0,0.0,0.0,0.0,0.0,0.02564102564102564,0.9743589743589743,0.14175926883506318,-0.7689399208386549,2.0187700817946408e-16,0.7689399208386549,1.0,-0.7689399208386549,2.0187700817946408e-16,-1.0,0.7689399208386549,1.0,-1.8254826328042346,0.6234898567199707,6.572042942047119,7.19553279876709,-0.5490014781172764,-1.0726896805667856,1.0,-1.0726896805667856,-1.0726896805667856,-0.22546763779109935,-0.22546763779109935,-0.3488471159939448,-0.3488471159939448
37.0,0.5070890188217163,0.3521888554096222,1.549001693725586,2.0726897716522217,0.0,0.0,0.0,1.592681252982986,1.592681252982986,1.5904558520168872,0.08416505443882787,1.0,15.67161750793457,15.516607284545898,1.550099492073059,2.0683677196502686,0.0,0.0,0.0,15.516605524380342,2.3122684792635373,0.03246570632876794,6.877133369445801,0.26608155104137143,0.0,-1.0,0.7694963264583518,1.862890702284836e-16,-0.7694963264583518,1.0,0.7519442582733722,2.1202205398046846e-15,-0.7519442582733722,1.0,0.7694963264583518,1.862890702284836e-16,-0.7694963264583518,1.0,0.7694963264583518,-0.7694963264583518,0.7335069993297841,2.21449485970332e-14,-0.7335069993297841,1.0,0.7335069993297841,-0.7335069993297841,0.746430784405468,4.367315643276102e-15,-0.746430784405468,1.0,0.746430784405468,-0.746430784405468,6.641783452033996,20.0,6.617595572220652,19.0,7.0556873773273665,19.0,7.189418911933899,20.0,1.9946692859307602,0.026914301284353653,0.9743589743589743,0.0,0.0,0.0,0.0,0.0,0.0,0.0,0.0,0.02564102564102564,0.9743589743589743,0.14559851197048757,-0.7694963264583518,1.862890702284836e-16,0.7694963264583518,1.0,-0.7694963264583518,1.862890702284836e-16,-1.0,0.7694963264583518,1.0,-1.8275230324248894,0.6398787498474121,6.567062854766846,7.206941604614258,-0.5500994590164289,-1.0683675886728348,1.0,-1.0683675886728348,-1.0683675886728348,-0.23142798827408884,-0.23142798827408884,-0.35050280010236334,-0.35050280010236334
38.0,0.4931562840938568,0.3381463289260864,1.550099492073059,2.0683677196502686,0.0,0.0,0.0,0.46927325736713904,0.46927325736713904,0.46167693107821406,0.08409400329492664,1.0,16.133935928344727,15.978750228881836,1.551865816116333,2.064462900161743,0.0,0.0,0.0,15.978750507496663,2.3636773703918337,0.004911776308865597,6.880375862121582,0.2745490523980789,0.0,-1.0,0.7739728625804575,9.678629384806142e-17,-0.7739728625804575,1.0,0.7561173004210978,1.2115716257535817e-15,-0.7561173004210978,1.0,0.7739728625804575,9.678629384806142e-17,-0.7739728625804575,1.0,0.7739728625804575,-0.7739728625804575,0.7376041679839148,1.3372939027019792e-14,-0.7376041679839148,1.0,0.7376041679839148,-0.7376041679839148,0.751109649843827,2.3681654466260297e-15,-0.751109649843827,1.0,0.751109649843827,-0.751109649843827,6.635999345779419,20.0,6.613619503222014,19.0,7.065244197845459,19.0,7.202543759346009,20.0,1.9911948862818012,0.028367402103638868,0.9743589743589743,0.0,0.0,0.0,0.0,0.0,0.0,0.0,0.0,0.02564102564102564,0.9743589743589743,0.15012166916634354,-0.7739728625804575,9.678629384806142e-17,0.7739728625804575,1.0,-0.7739728625804575,9.678629384806142e-17,-1.0,0.7739728625804575,1.0,-1.8274355123081338,0.6583080291748047,6.561610221862793,7.219918251037598,-0.5518656987227958,-1.064462756897449,1.0,-1.064462756897449,-1.064462756897449,-0.23864408414241445,-0.23864408414241445,-0.3524902551285243,-0.3524902551285243
39.0,0.49714338779449463,0.34195682406425476,1.551865816116333,2.064462900161743,0.0,0.0,0.0,2.1484989926473377,2.1484989926473377,2.1468538979860554,0.0840610617866792,1.0,15.994986534118652,15.839651107788086,1.5533567667007446,2.0598642826080322,0.0,0.0,0.0,15.83965076223051,2.344440277608143,0.01347466445190513,6.883189678192139,0.2829459931679175,0.0,-1.0,0.781459047281832,3.1292934573074013e-17,-0.781459047281832,1.0,0.763477029299814,4.39186119616758e-16,-0.763477029299814,1.0,0.781459047281832,3.1292934573074013e-17,-0.781459047281832,1.0,0.781459047281832,-0.781459047281832,0.743193515345414,6.618490641420204e-15,-0.743193515345414,1.0,0.743193515345414,-0.743193515345414,0.7595063164683418,7.627275744572772e-16,-0.7595063164683418,1.0,0.7595063164683418,-0.7595063164683418,6.630075001716614,20.0,6.609155880777459,19.0,7.07408965261359,19.0,7.215281701087951,20.0,1.9878172487424002,0.029835714022592243,0.9871794871794872,0.0,0.0,0.0,0.0,0.0,0.0,0.0,0.0,0.01282051282051282,0.9871794871794872,0.1544093850922692,-0.781459047281832,3.1292934573074013e-17,0.781459047281832,1.0,-0.781459047281832,3.1292934573074013e-17,-1.0,0.781459047281832,1.0,-1.829739912317707,0.676764965057373,6.5557098388671875,7.2324748039245605,-0.553356750613682,-1.0598643648255615,1.0,-1.0598643648255615,-1.0598643648255615,-0.2455571290513221,-0.2455571290513221,-0.3546487579641626,-0.3546487579641626
40.0,0.482422411441803,0.32708674669265747,1.5533567667007446,2.0598642826080322,0.0,0.0,0.0,0.5546122313496091,0.5546122313496091,0.5482138559955821,0.08400175746404048,1.0,15.69205379486084,15.536604881286621,1.5544911623001099,2.0567820072174072,0.0,0.0,0.0,15.53660570044528,2.307629545121732,0.03202666350296065,6.88707160949707,0.28997928300145376,0.0,-1.0,0.7799668685744634,3.932901160122652e-17,-0.7799668685744634,1.0,0.7619848505924455,5.411038526425309e-16,-0.7619848505924455,1.0,0.7799668685744634,3.932901160122652e-17,-0.7799668685744634,1.0,0.7799668685744634,-0.7799668685744634,0.7415242984863237,8.180950848268126e-15,-0.7415242984863237,1.0,0.7415242984863237,-0.7415242984863237,0.7582923405708215,9.01032148820205e-16,-0.7582923405708215,1.0,0.7582923405708215,-0.7582923405708215,6.627346563339233,20.0,6.606477034719367,19.0,7.082625740452817,19.0,7.227585411071777,20.0,1.9842009992408738,0.03132408850744057,1.0,0.0,0.0,0.0,0.0,0.0,0.0,0.0,0.0,0.0,1.0,0.1579207237729196,-0.7799668685744634,3.932901160122652e-17,0.7799668685744634,1.0,-0.7799668685744634,3.932901160122652e-17,-1.0,0.7799668685744634,1.0,-1.832850971939538,0.6929130554199219,6.551730155944824,7.244643211364746,-0.5544910681084864,-1.056781970815297,1.0,-1.056781970815297,-1.056781970815297,-0.25083235554692696,-0.25083235554692696,-0.3558588779632357,-0.3558588779632357
41.0,0.48840367794036865,0.3329545557498932,1.5544911623001099,2.0567820072174072,0.0,0.0,0.0,2.093044520401909,2.093044520401909,2.0913594015000867,0.08397153173341998,1.0,15.928359985351562,15.772751808166504,1.556080937385559,2.055328369140625,0.0,0.0,0.0,15.772749618253803,2.333741702304548,0.018537790849739427,6.892634391784668,0.296566279778928,0.0,-1.0,0.7842157842157841,2.0417229831150268e-17,-0.7842157842157841,1.0,0.7660314369175127,3.0615797058273116e-16,-0.7660314369175127,1.0,0.7842157842157841,2.0417229831150268e-17,-0.7842157842157841,1.0,0.7842157842157841,-0.7842157842157841,0.7456467583049861,4.832690483871521e-15,-0.7456467583049861,1.0,0.7456467583049861,-0.7456467583049861,0.7629206236801173,4.748114301596328e-16,-0.7629206236801173,1.0,0.7629206236801173,-0.7629206236801173,6.626398038864136,20.0,6.60613341080515,19.0,7.092748089840538,19.0,7.240938925743103,20.0,1.9803518923155865,0.03287666899002945,1.0,0.0,0.0,0.0,0.0,0.0,0.0,0.0,0.0,0.0,1.0,0.16150340300572183,-0.7842157842157841,2.0417229831150268e-17,0.7842157842157841,1.0,-0.7842157842157841,2.0417229831150268e-17,-1.0,0.7842157842157841,1.0,-1.8318968207239903,0.7076268196105957,6.550204277038574,7.25783109664917,-0.5560808649552166,-1.0553284607988855,1.0,-1.0553284607988855,-1.0553284607988855,-0.25617331054643566,-0.25617331054643566,-0.3567408235203291,-0.3567408235203291
